question_id,text
q00320,But Starling announced or Elon Musk announced that free internet for everybody in Iran because What do you call it?
q00321,What do you have there?
q00322,All my friends get angry with me that what are you doing so much?
q00323,"So, what is the significance of Visarjan?"
q00324,"What was it like in Jammu then, when you moved?"
q00325,Can I take it to one end of a spectrum to begin with?
q00326,Did that event change anything you?
q00327,"I said, will he ask for money from me?"
q00328,How do we react to those things?
q00329,What should he do?
q00330,"You're supposed to feel immense love for the child as soon as the baby is born and not realize that you're going through so many changes, right?"
q00331,"Weird, huh?"
q00332,What will happen if I do the alphabet in my life?
q00333,"As an investor yourself at this point, do you believe in the bootstrapping method more or the raise the funds, go after the market, build that valuation?"
q00334,What happens to those eggs?
q00335,"You know, and okay, he also said this, that there will be 200 films, we have to do only two, but then it should be one film, do it in such a way that no one asks, which film was this?"
q00336,But is he the right person for this part?
q00337,How will you feel if we hit you?
q00338,Do you know?
q00339,"Whatever you have got by the grace of God, how can you put that in the service of God?"
q00340,How do you care?
q00341,"Includes the cuts of meat that kings and warriors might eat, right?"
q00342,Is there one sort of riyaz or habit that you still follow that you've been doing through your career?
q00343,"Who are you to tell me who to look at, who not to?"
q00344,"So it, it's, that's where you're asking, do I think it will happen?"
q00345,How can he be with just one?
q00346,How did it pan out for you when it didn't go linear?
q00347,"But is it 99% sure that every time you go for a test, it will catch it?"
q00348,What is it like to be the inner circle of top leadership in the country?
q00349,Isne proof nahi kiya apne abko?
q00350,Amazing and the last question that I have for you is you've been pretty much a non-conformist right in the way you've approached things women especially young girls women are bound by certain timelines right like okay you study then get married have kids settle down What advice or what is your thought process on the way we're supposed to be as women?
q00351,"Someone has a fever, right?"
q00352,And then you became part of KGB at 21?
q00353,Which is the toughest character you've played so far?
q00354,What's your last memory with her?
q00355,"No, but without the thought, right?"
q00356,"They even said that, will the university make Halwai now?"
q00357,Done?
q00358,"There are pyramids, right?"
q00359,Did you study all the Vedas?
q00360,"Acting, music or a spontaneous road trip?"
q00361,Which country?
q00362,"So, why only North-South?"
q00363,How do you make trust in a low trust society?
q00364,So what is your biggest learning from your 35 year career?
q00365,What are the famous leaders who were narcissists?
q00366,Never in the beginning?
q00367,Is the seven year itch real in relationships?
q00368,Can you imagine Raj?
q00369,"I was like petrified of it because of that existential thing, right?"
q00370,"And in today's food, we have added a lot of junk food, right?"
q00371,"They are asking, when will you get a job?"
q00372,What is its logic?
q00373,Did you meet Gasly?
q00374,So what was in it?
q00375,"Now, what are the options?"
q00376,"But how lovely, because usually you think of pregnancy as something that's very difficult for the mother, right?"
q00377,So this is the northern Kashi Vishwanath?
q00378,So what are the changes in the body in the first 72 hours?
q00379,Where were you?
q00380,"They cannot afford, how can they buy?"
q00381,Do you feel bad that you didn't make a film worth 100 crores?
q00382,"So if a patient has to ask, I mean, is it first of all, what is going to look good for me?"
q00383,Or are they dependent silently on India and China?
q00384,So how do all these factors play a role in a healthy and happy life?
q00385,What do you mean the child is not able to live without it?
q00386,"And so I'm thinking, so yeah, no, who has more power?"
q00387,And when to go to whom?
q00388,How would you explain them who you are and where do you come from?
q00389,"So, what's a great starting point with NFAK?"
q00390,What's more dangerous?
q00391,"You might ask, what do you mean by that?"
q00392,Why can't a child be encouraged to take care of a plant or an animal?
q00393,Puchka is also amazing but now what to do?
q00394,What's the context to be given to global audiences?
q00395,If I had done my studies formally?
q00396,Were you?
q00397,"All we can do is ask someone, so how do we know which part of the brain emotions come from?"
q00398,At some point maybe because what is going on with you and your sister and your dad?
q00399,how do I know this is not just acidity or I'm having a heart attack?
q00400,What is a child seeing here?
q00401,"Like we just feel like, how did he earn it?"
q00402,What do I tell you?
q00403,"If there is no problem, why take a risk?"
q00404,Did you get a stomachache after that?
q00405,What stupidity is this?
q00406,How can someone make their brain strong?
q00407,"So we're doing a pilot in Bastar, by the way, like Bastar is like the last mile of the last mile, right?"
q00408,How would you solve for that?
q00409,Your battery got done?
q00410,Because what does cancer thrive in?
q00411,"There are so many Gods, which one is good for you?"
q00412,Why are you not considering that?
q00413,"So, playing with hormones is not very good for your body, right?"
q00414,"It is said that Kaikeyi is also responsible in this positive conspiracy theory, that the death of Rakshasas and Dashrath, who is attached to Lord Ram after many days, how can he be removed?"
q00415,Is Trump good for us or not?
q00416,Who's other people?
q00417,"If my active income hadn't increased, how would I have invested 3.5 lakhs?"
q00418,"And you say, OK, what is present there?"
q00419,"It is because it's, it's when your muscles are contracted, can the blood go there?"
q00420,"You won't tell, right?"
q00421,What to do now?
q00422,"He said, what was the need to say that?"
q00423,What are those types?
q00424,"Because women are the caregivers, right?"
q00425,"So you do a surgery, but you're not really sure what it's going to look like until after the swelling comes up?"
q00426,Are you a tea or a coffee drinker?
q00427,Like what is the connection?
q00428,"There is no answer that this is first, but if I am forced to say, I would I would also tell all my clients who come with mental health issues that first day of therapy I tell them, are you doing any physical activity?"
q00429,Do you see something?
q00430,For this car?
q00431,So how do we get literally what is the mind of someone who's depressed and how do we get them healthy?
q00432,Will you get a court marriage?
q00433,"So, you were telling me about one entrepreneur, right?"
q00434,"So, what is the definition of bad friend?"
q00435,Man as a woman?
q00436,So what do they want from India?
q00437,Now question is what do you do with that information?
q00438,Is it not effective?
q00439,But why can't you wear any other cloth other than cotton?
q00440,"So apart from this, you've also struggled with your body, right?"
q00441,What do they say?
q00442,How are moderate investors?
q00443,Why are people doing it?
q00444,"Can we be able to make sure that that is, you know, seen in the court of law?"
q00445,These creams and all are normal things?
q00446,Does that happen often?
q00447,"Like if we're driving in a car somewhere, what is it really?"
q00448,Why is there still a difference of opinion?
q00449,Who will maintain it?
q00450,What are we supposed to do?
q00451,"So I think I've, you know, surprisingly, and the best part is you could be anything, right?"
q00452,"Like, how are you as an individual?"
q00453,"Actually, sometimes I just want to be silent and quiet, but I feel then what will they think of me?"
q00454,"and a mango gets transformed into us, right?"
q00455,"If you can't call genocide genocide, if children are dying, small babies dying, children dying, If you cannot call out the Netanyahu government for that or him for that, then where is your fair, balanced journalism?"
q00456,"And when I came out, Sudeep asked me, were you sleeping?"
q00457,Shahid is disciplined?
q00458,"Well yeah, denounced for what?"
q00459,"And I think that when you treat it like that, it automatically becomes something to be ashamed of, right?"
q00460,Why did he cheat on you?
q00461,So where did that stem from?
q00462,Any of it?
q00463,Do you also research on it?
q00464,Women abuse lack of men's rights?
q00465,"That brand does a lot of your work, to express yourself publicly, you don't have to say it, right?"
q00466,"And we say, what will we make next month?"
q00467,Going to be in Mumbai?
q00468,"So that purity is coming in, right?"
q00469,Do you go to Kalighat?
q00470,What is the discussion about education?
q00471,Hair exercise?
q00472,"If I separate his son, how will he live?"
q00473,Could they do a lot?
q00474,Who is it?
q00475,"Make the best of what you have here If you go to a farm and eat mustard leaves in a village and you get it in the city So where will you get this fertilizer, this chemical, this 10 days old mustard leaf and that stove from?"
q00476,"And they're like, huh?"
q00477,How did you manage?
q00478,Will I get cancer?
q00479,Why did you take me?
q00480,Have you even thought about it?
q00481,Who was the oldest in Ram Ji's army?
q00482,How was it growing up?
q00483,Would they have gone through their own journeys of backlashes?
q00484,To what point?
q00485,"When did that bug bite you saying that you have to do this and of course what a fantastic platform and I'm sure we'll talk about life post Shark Tank also, but how did you decide that I'm going to go and talk about my journey?"
q00486,How many couples do you make every year?
q00487,Why should we be plumbing the brains?
q00488,Ukraine?
q00489,How do you expect one human being to do it?
q00490,How important was that support?
q00491,"And I think like with it all, it's hard because how do you bite size such a massive question?"
q00492,How much do you sell it for in US?
q00493,"So I was reading this news, right?"
q00494,Ramdev Basanti was 20 years ago?
q00495,"but I think there's responsibility, right?"
q00496,"I said, how come the patient is wearing makeup?"
q00497,Did that work?
q00498,"And if you don't have enough energy, then how do you accomplish everything in the day?"
q00499,"They have got distribution, they have got the best of the best talent, right?"
q00500,Why is there so much sorrow and sickness in the world?
q00501,"And if that's a perhaps required a budget positioning, but you start there, right?"
q00502,And what are the chances of that?
q00503,Do you think the rest of the country has discovered Maharashtrian food yet?
q00504,"Even if I have 500 things to do in the morning, but I think, what is wrong?"
q00505,Why do I have to keep listening to Hollywood lines like that?
q00506,But should it be done?
q00507,Do you understand?
q00508,"They have such a good influence on the world, right?"
q00509,"I would just wake up, see the mountains and I would just be like, where am I?"
q00510,"Can children of two narcissistic power couple or any narcissistic parent, can children also become narcissistic just by watching their parents?"
q00511,You're more into like all that stuff?
q00512,"If there is a threat, how do you convert a reaction into a response?"
q00513,"I had asked an RTI in BMC saying, how many deaths of manual scavengers take place in Mumbai?"
q00514,"Second, it was almost like I had lots of questions myself on why do we even consider these Granthas to be so great, right?"
q00515,"You mean, with a very advanced telescope?"
q00516,Do you think the world is ready for it because it's such an intimate take into Bollywood and the life that is?
q00517,"Like I do exercise for the body, I'm doing dumbbells or something Should I make a routine for my eye muscles also?"
q00518,How are your friendships?
q00519,How will it work?
q00520,You wanna really do Nigeria together?
q00521,Or was it her just destiny it was supposed to be?
q00522,"You packed your bags, and then?"
q00523,"I would actually go hunt for those people in my technical team to say, one of you, are you from that background?"
q00524,"Yeah, because you know, I think this is such a crucial knowledge that people should know because XYZ reason, anytime it can happen with you, your partner, your sister, your friends, anybody, right?"
q00525,"No, but does that scare you a lot?"
q00526,What was it like back then to be on a set?
q00527,Do you enjoy calm love?
q00528,How are you so vengeful towards your own father who's given you life?
q00529,Or just going to meetings?
q00530,Have you seen Amitabh Bachchan and Brahmastra?
q00531,In Bombay?
q00532,Do you know the definition of super food?
q00533,"For the prelims, for the mains and for the interview stage?"
q00534,A role you regret turning down?
q00535,You know what I get pissed off with when it comes to social media?
q00536,Were you kind of being your own parent?
q00537,"I need, can I use these two?"
q00538,Is your husband the biggest blessing in your life?
q00539,"That's, I think, more appropriate questions, honestly, now that I look back at the whole thing, because how the heck do you know what you want to do when you're a kid?"
q00540,"So as I was saying, women are now taking over the corporate ladder, right?"
q00541,"I said, who says pick you in Dubai?"
q00542,Is there a reel of this somewhere?
q00543,So aunty didn't know?
q00544,So why are people taking more stress?
q00545,So what is more relevant to us?
q00546,"The Gates Foundation said, you want to create an app?"
q00547,What was the flaw in their cow ghee?
q00548,Do you take a toilet break for five minutes in between?
q00549,"Tomorrow, when India's Prime Minister goes to Russia, who does he meet?"
q00550,"Eventually, what is the sexual problem that comes up for men?"
q00551,Because he's not on the priority list?
q00552,Do you feel that?
q00553,"Do you think there should be such teachers who have done something in life, who have not done anything themselves, why are they teaching about it?"
q00554,"Because if you're not doing agriculture, you mostly got protein and so on, right?"
q00555,And how much do you spend on them?
q00556,"So that experience, how did it shift your outlook of education?"
q00557,Could I make two films that would do that?
q00558,Are you a spy?
q00559,Can they have a beautiful relationship?
q00560,"Children, if you want to make such a career in a corporate job, are you competent or not?"
q00561,Within?
q00562,"Tell me, what should I call it?"
q00563,"Because see, remember that the sugar substitutes actually trick your sweet taste buds into thinking that this is like sugar, right?"
q00564,And should we take those precautions so that all these diseases and diseases of health that are happening to us should be prevented from spreading further?
q00565,Did you hear about DNA based skin care?
q00566,So that's how So you'd been 16?
q00567,"I realized, my God, what have I done?"
q00568,"So we are upright, right Raj?"
q00569,"So you have like IOI, you have IVF, and then you have surrogacy, right?"
q00570,Did you hydrate or not?
q00571,What else can I do to learn music?
q00572,"You will not do it, right?"
q00573,Who are you trapping?
q00574,Maximum diseases?
q00575,"You mean, instead of taking a job in TCS or Infosys, try applying in Web3 companies which are global?"
q00576,How do you evaluate that gap?
q00577,"And this is something that affects everybody, right?"
q00578,What could I do?
q00579,Why do we have problems in relationships?
q00580,"So choose a less wounded child, na?"
q00581,With whom do you eat it?
q00582,Who does he look like?
q00583,And what kind of a friend are you?
q00584,Are you okay with it?
q00585,Do you know Tyrocare?
q00586,Myth?
q00587,"Reservation, do you think it's good?"
q00588,"You wear clothes on the body, you eat food on the body, right?"
q00589,What is the problem now?
q00590,"So it was I just said, how did you do this?"
q00591,"When you're doing something naughty, that voice is going to tell you, are you sure?"
q00592,"So, how to express that and with which person?"
q00593,"Can you remove them, please?"
q00594,"So, does your asset have the capacity to repay the loan?"
q00595,How many patients do you have?
q00596,"It should not be considered as your lifeline for every single thing, right?"
q00597,But How was it being a creator or a content creator?
q00598,"So let's talk a little bit more about the Ramayan, right?"
q00599,What business are you teaching?
q00600,The funder giving them that advice?
q00601,"And they said, how could you do this film?"
q00602,What is the best time to do yoga?
q00603,Does colorblind person see everything in grayscale?
q00604,"So if there is an interest in spaceways, where should a Gen Z go?"
q00605,Now what is good clean food?
q00606,"So, what happens to the Pitta body type?"
q00607,"So I think our generation completely broke the wheel of any tradition, you know what I'm saying?"
q00608,What's happening at home?
q00609,What is your response to that?
q00610,What is endocrine?
q00611,"Again, Logical thought is that the rats spent a lot of time here or the environment here was good for the rats?"
q00612,Who's providing?
q00613,"So it happens, right?"
q00614,So do you think it was Britain's plan or our internal politics?
q00615,What is the best way to deal with this information?
q00616,Why will I not be called?
q00617,Giloy?
q00618,Is it fat related?
q00619,How do we keep our feet on the ground while still being ambitious and still looking at everything the world has to offer?
q00620,Do you think it's a proper medical problem?
q00621,"Do you, Because all of this goes on in your head and your family and with your mom incident, all of this, right?"
q00622,What would you like to say about her?
q00623,How many of you have this thought?
q00624,"Like a few brands had seen the power of it, you know?"
q00625,"So I want to go ahead and ask you, what do you wish your father would have seen in you before he left?"
q00626,"Why is that, Raj?"
q00627,How do you articulate it?
q00628,"But yeah, that gives me the courage to just not waver from that, you know?"
q00629,Where are his cousins in the world?
q00630,What are the other allergies?
q00631,Did you get your expenses?
q00632,You blew up your office?
q00633,"Many, many years later when I used to talk to Sudeep that have you watched Forrest Gump?"
q00634,"So, you guys were dating before or how did it happen?"
q00635,"You have to stay awake and live long, so it is better to be aware, right?"
q00636,Especially during suffering?
q00637,The waters?
q00638,"So this is like a telescope, right?"
q00639,That you are like selfishly taking decisions just because you want to?
