question_id,label
q00000,personal
q00001,open
q00002,closed
q00003,closed
q00004,open
q00005,open
q00006,leading
q00007,closed
q00008,personal
q00009,closed
q00010,leading
q00011,open
q00012,open
q00013,closed
q00014,challenge
q00015,closed
q00016,closed
q00017,leading
q00018,leading
q00019,challenge
q00020,open
q00021,closed
q00022,leading
q00023,challenge
q00024,closed
q00025,leading
q00026,personal
q00027,closed
q00028,closed
q00029,open
q00030,professional
q00031,open
q00032,challenge
q00033,closed
q00034,closed
q00035,closed
q00036,challenge
q00037,open
q00038,leading
q00039,open
q00040,leading
q00041,open
q00042,personal
q00043,professional
q00044,professional
q00045,personal
q00046,open
q00047,closed
q00048,leading
q00049,open
q00050,open
q00051,professional
q00052,personal
q00053,open
q00054,open
q00055,personal
q00056,personal
q00057,open
q00058,leading
q00059,professional
q00060,closed
q00061,closed
q00062,professional
q00063,leading
q00064,leading
q00065,open
q00066,challenge
q00067,professional
q00068,personal
q00069,leading
q00070,open
q00071,personal
q00072,closed
q00073,closed
q00074,open
q00075,leading
q00076,personal
q00077,closed
q00078,leading
q00079,closed
q00080,closed
q00081,closed
q00082,personal
q00083,professional
q00084,personal
q00085,personal
q00086,challenge
q00087,closed
q00088,closed
q00089,challenge
q00090,closed
q00091,personal
q00092,leading
q00093,open
q00094,open
q00095,leading
q00096,professional
q00097,closed
q00098,open
q00099,professional
q00100,personal
q00101,personal
q00102,closed
q00103,professional
q00104,open
q00105,open
q00106,leading
q00107,closed
q00108,open
q00109,closed
q00110,closed
q00111,closed
q00112,closed
q00113,open
q00114,personal
q00115,open
q00116,closed
q00117,open
q00118,personal
q00119,leading
q00120,open
q00121,professional
q00122,personal
q00123,professional
q00124,leading
q00125,closed
q00126,open
q00127,closed
q00128,closed
q00129,professional
q00130,leading
q00131,closed
q00132,open
q00133,personal
q00134,closed
q00135,personal
q00136,closed
q00137,closed
q00138,open
q00139,leading
q00140,professional
q00141,open
q00142,closed
q00143,leading
q00144,open
q00145,challenge
q00146,closed
q00147,closed
q00148,challenge
q00149,closed
q00150,challenge
q00151,personal
q00152,open
q00153,challenge
q00154,open
q00155,leading
q00156,closed
q00157,open
q00158,professional
q00159,closed
q00160,personal
q00161,personal
q00162,closed
q00163,closed
q00164,open
q00165,leading
q00166,open
q00167,professional
q00168,leading
q00169,personal
q00170,personal
q00171,open
q00172,leading
q00173,challenge
q00174,open
q00175,professional
q00176,personal
q00177,professional
q00178,professional
q00179,leading
q00180,open
q00181,open
q00182,closed
q00183,open
q00184,personal
q00185,closed
q00186,closed
q00187,closed
q00188,closed
q00189,closed
q00190,leading
q00191,closed
q00192,closed
q00193,leading
q00194,closed
q00195,closed
q00196,closed
q00197,closed
q00198,leading
q00199,closed
q00200,open
q00201,closed
q00202,personal
q00203,open
q00204,professional
q00205,professional
q00206,leading
q00207,open
q00208,closed
q00209,closed
q00210,closed
q00211,open
q00212,open
q00213,open
q00214,open
q00215,professional
q00216,open
q00217,closed
q00218,open
q00219,open
q00220,closed
q00221,closed
q00222,personal
q00223,professional
q00224,leading
q00225,open
q00226,closed
q00227,closed
q00228,closed
q00229,closed
q00230,challenge
q00231,professional
q00232,leading
q00233,leading
q00234,professional
q00235,closed
q00236,leading
q00237,open
q00238,personal
q00239,closed
q00240,open
q00241,closed
q00242,professional
q00243,open
q00244,open
q00245,open
q00246,closed
q00247,leading
q00248,leading
q00249,open
q00250,closed
q00251,open
q00252,professional
q00253,closed
q00254,professional
q00255,personal
q00256,open
q00257,leading
q00258,closed
q00259,open
q00260,closed
q00261,open
q00262,closed
q00263,leading
q00264,open
q00265,closed
q00266,closed
q00267,personal
q00268,personal
q00269,closed
q00270,closed
q00271,closed
q00272,leading
q00273,open
q00274,open
q00275,personal
q00276,closed
q00277,leading
q00278,professional
q00279,open
q00280,professional
q00281,professional
q00282,open
q00283,open
q00284,closed
q00285,open
q00286,open
q00287,closed
q00288,closed
q00289,professional
q00290,closed
q00291,open
q00292,open
q00293,professional
q00294,leading
q00295,closed
q00296,leading
q00297,closed
q00298,challenge
q00299,leading
q00300,closed
q00301,closed
q00302,professional
q00303,open
q00304,closed
q00305,leading
q00306,professional
q00307,open
q00308,open
q00309,leading
q00310,closed
q00311,personal
q00312,professional
q00313,open
q00314,open
q00315,personal
q00316,personal
q00317,personal
q00318,leading
q00319,closed
