dropped_host,metric,host_gender_interaction,p_interaction
Faye Dsouza,host_ck_direct_question_per_1k,0.3560702519186484,0.0006664445184938354
Faye Dsouza,host_ask_rate,0.11382404723815495,0.16994335221592802
Faye Dsouza,host_ask_per_1k,0.27801921369097415,0.0006664445184938354
Karishma Mehta,host_ck_direct_question_per_1k,0.34782194645795034,0.0006664445184938354
Karishma Mehta,host_ask_rate,0.27987961368369746,0.004998333888703766
Karishma Mehta,host_ask_per_1k,0.3213344237932141,0.0006664445184938354
Nikhil Kamath,host_ck_direct_question_per_1k,0.35008498719397146,0.0003332222592469177
Nikhil Kamath,host_ask_rate,0.1541012970202612,0.03265578140619793
Nikhil Kamath,host_ask_per_1k,0.2801215833470837,0.0003332222592469177
Pooja Dhingra,host_ck_direct_question_per_1k,0.3316253000589286,0.0003332222592469177
Pooja Dhingra,host_ask_rate,0.13516011098156308,0.07030989670109963
Pooja Dhingra,host_ask_per_1k,0.2694450139070054,0.0006664445184938354
Prakhar Gupta,host_ck_direct_question_per_1k,0.36642779455386165,0.0003332222592469177
Prakhar Gupta,host_ask_rate,0.17601510783827146,0.016661112962345886
Prakhar Gupta,host_ask_per_1k,0.29100561693147114,0.0003332222592469177
Raj Shamani,host_ck_direct_question_per_1k,0.35723903818364644,0.0003332222592469177
Raj Shamani,host_ask_rate,0.2329877416902732,0.004998333888703766
Raj Shamani,host_ask_per_1k,0.32536927058485765,0.0003332222592469177
Ranveer A,host_ck_direct_question_per_1k,0.33114050818130814,0.0003332222592469177
Ranveer A,host_ask_rate,0.06681102633331001,0.3748750416527824
Ranveer A,host_ask_per_1k,0.22013415737826653,0.0036654448517160947
Samdish Bhatia,host_ck_direct_question_per_1k,0.3435091850024075,0.0003332222592469177
Samdish Bhatia,host_ask_rate,0.15233561602306325,0.031322892369210265
Samdish Bhatia,host_ask_per_1k,0.2877425793937338,0.0003332222592469177
Soha Ali Khan,host_ck_direct_question_per_1k,0.3640609277807507,0.0003332222592469177
Soha Ali Khan,host_ask_rate,0.1461648911811862,0.03632122625791403
Soha Ali Khan,host_ask_per_1k,0.273917712816058,0.0003332222592469177
