episode_id,host_name,dyad,host_ck_direct_question_per_1k,host_segments,host_ask,host_words_da,host_ask_rate,host_ask_per_1k
ep_001_whisperx_diarized.gender.host_guest,Ranveer A,MALE->MALE,2.4257125530624624,215,30,1941,0.13953488372093023,15.45595054095827
ep_002_whisperx_diarized.gender.host_guest,Raj Shamani,MALE->FEMALE,5.684302579798863,238,97,2459,0.40756302521008403,39.44692964619764
ep_003_whisperx_diarized.gender.host_guest,Raj Shamani,MALE->MALE,3.370786516853933,169,47,1981,0.2781065088757396,23.725391216557295
ep_004_whisperx_diarized.gender.host_guest,Raj Shamani,MALE->MALE,2.218278615794144,258,50,2536,0.1937984496124031,19.71608832807571
ep_005_whisperx_diarized.gender.host_guest,Nikhil Kamath,MALE->MALE,3.4502587694077054,136,61,1818,0.4485294117647059,33.55335533553355
ep_006_whisperx_diarized.gender.host_guest,Nikhil Kamath,MALE->MALE,4.9486105824134,274,91,2666,0.33211678832116787,34.133533383345835
ep_007_whisperx_diarized.gender.host_guest,Nikhil Kamath,MALE->MALE,1.5839493136219642,136,48,1974,0.35294117647058826,24.316109422492403
ep_008_whisperx_diarized.gender.host_guest,Nikhil Kamath,MALE->MALE,4.964053406367682,637,163,5933,0.25588697017268447,27.473453564807013
ep_009_whisperx_diarized.gender.host_guest,Ranveer A,MALE->FEMALE,3.246753246753247,322,40,2632,0.12422360248447205,15.19756838905775
ep_010_whisperx_diarized.gender.host_guest,Nikhil Kamath,MALE->MALE,5.244272702180513,456,124,3697,0.2719298245614035,33.54070868271572
ep_011_whisperx_diarized.gender.host_guest,,FEMALE->FEMALE,3.766478342749529,152,35,1677,0.23026315789473684,20.870602265951103
ep_012_whisperx_diarized.gender.host_guest,Raj Shamani,MALE->MALE,7.100591715976331,248,78,2762,0.31451612903225806,28.240405503258508
ep_013_whisperx_diarized.gender.host_guest,Faye Dsouza,FEMALE->FEMALE,8.109794135995008,134,46,1742,0.34328358208955223,26.40642939150402
ep_014_whisperx_diarized.gender.host_guest,Ranveer A,MALE->FEMALE,4.807692307692308,521,108,4358,0.2072936660268714,24.782010096374485
ep_015_whisperx_diarized.gender.host_guest,Soha Ali Khan,FEMALE->FEMALE,2.6399155227032733,178,32,2084,0.1797752808988764,15.355086372360844
ep_016_whisperx_diarized.gender.host_guest,Raj Shamani,MALE->FEMALE,13.35387776065742,368,107,2194,0.2907608695652174,48.7693710118505
ep_017_whisperx_diarized.gender.host_guest,Ranveer A,MALE->FEMALE,2.7205596579867857,943,123,7930,0.13043478260869565,15.510718789407314
ep_018_whisperx_diarized.gender.host_guest,Faye Dsouza,FEMALE->MALE,4.293688278231,193,56,2460,0.29015544041450775,22.764227642276424
ep_019_whisperx_diarized.gender.host_guest,Ranveer A,MALE->MALE,2.423654871546292,265,40,2157,0.1509433962264151,18.544274455261938
ep_020_whisperx_diarized.gender.host_guest,Raj Shamani,MALE->MALE,2.36854571293226,209,44,2309,0.21052631578947367,19.05586834127328
ep_021_whisperx_diarized.gender.host_guest,Raj Shamani,MALE->MALE,4.057428214731586,440,96,3374,0.21818181818181817,28.45287492590397
ep_022_whisperx_diarized.gender.host_guest,,FEMALE->MALE,2.091175240485153,346,34,2745,0.09826589595375723,12.386156648451731
ep_023_whisperx_diarized.gender.host_guest,Ranveer A,MALE->MALE,1.1773940345368916,245,11,2848,0.044897959183673466,3.8623595505617976
ep_024_whisperx_diarized.gender.host_guest,,FEMALE->MALE,11.235955056179774,91,25,469,0.27472527472527475,53.304904051172706
ep_025_whisperx_diarized.gender.host_guest,Raj Shamani,MALE->MALE,3.7996545768566494,296,70,3123,0.23648648648648649,22.414345180915785
ep_026_whisperx_diarized.gender.host_guest,Raj Shamani,MALE->MALE,2.136752136752137,194,54,2135,0.27835051546391754,25.292740046838407
ep_027_whisperx_diarized.gender.host_guest,Raj Shamani,MALE->MALE,2.890173410404624,320,59,3002,0.184375,19.653564290473017
ep_028_whisperx_diarized.gender.host_guest,Raj Shamani,MALE->MALE,6.026365348399247,278,84,2812,0.302158273381295,29.871977240398294
ep_029_whisperx_diarized.gender.host_guest,Raj Shamani,MALE->MALE,6.077348066298343,341,116,3826,0.34017595307917886,30.31887088342917
ep_030_whisperx_diarized.gender.host_guest,Raj Shamani,MALE->FEMALE,5.631003643590593,705,164,6306,0.2326241134751773,26.0069774817634
ep_031_whisperx_diarized.gender.host_guest,Soha Ali Khan,FEMALE->MALE,2.085195114685732,279,61,3607,0.21863799283154123,16.911560853895203
ep_032_whisperx_diarized.gender.host_guest,Raj Shamani,MALE->FEMALE,5.377376608411754,722,148,5422,0.20498614958448755,27.29620066396164
ep_033_whisperx_diarized.gender.host_guest,Raj Shamani,MALE->MALE,3.852504127682994,431,95,3802,0.22041763341067286,24.986849026827986
ep_034_whisperx_diarized.gender.host_guest,Raj Shamani,MALE->MALE,1.6025641025641024,169,44,1402,0.2603550295857988,31.38373751783167
ep_035_whisperx_diarized.gender.host_guest,Ranveer A,MALE->MALE,3.779527559055118,417,61,3306,0.14628297362110312,18.451300665456746
ep_036_whisperx_diarized.gender.host_guest,Ranveer A,MALE->MALE,7.759014148790507,740,142,4611,0.1918918918918919,30.795922793320322
ep_037_whisperx_diarized.gender.host_guest,Ranveer A,MALE->MALE,9.817671809256662,152,23,739,0.1513157894736842,31.123139377537214
ep_038_whisperx_diarized.gender.host_guest,Ranveer A,MALE->MALE,1.784121320249777,429,66,3581,0.15384615384615385,18.430605975984363
ep_039_whisperx_diarized.gender.host_guest,Ranveer A,MALE->MALE,3.239422793756749,1203,140,10296,0.11637572734829593,13.597513597513597
ep_040_whisperx_diarized.gender.host_guest,Ranveer A,MALE->MALE,5.506030414263241,471,98,4005,0.208067940552017,24.469413233458177
ep_041_whisperx_diarized.gender.host_guest,Ranveer A,MALE->FEMALE,5.1498127340823965,955,146,6497,0.15287958115183245,22.471910112359552
ep_042_whisperx_diarized.gender.host_guest,Ranveer A,MALE->FEMALE,2.885308968502044,1095,133,8463,0.12146118721461187,15.715467328370554
ep_043_whisperx_diarized.gender.host_guest,Ranveer A,MALE->FEMALE,3.3268644302744663,411,60,3734,0.145985401459854,16.06855918585967
ep_044_whisperx_diarized.gender.host_guest,Ranveer A,MALE->MALE,3.2135553607946243,446,70,3480,0.15695067264573992,20.114942528735632
ep_045_whisperx_diarized.gender.host_guest,,MALE->MALE,2.092050209205021,179,61,1976,0.3407821229050279,30.870445344129553
ep_046_whisperx_diarized.gender.host_guest,Nikhil Kamath,MALE->MALE,1.080691642651297,215,44,2806,0.20465116279069767,15.680684248039915
ep_047_whisperx_diarized.gender.host_guest,Ranveer A,MALE->MALE,4.563004563004563,399,61,2956,0.15288220551378445,20.63599458728011
ep_048_whisperx_diarized.gender.host_guest,Ranveer A,MALE->MALE,2.944423997055576,353,47,2878,0.13314447592067988,16.330785267546908
ep_049_whisperx_diarized.gender.host_guest,Ranveer A,MALE->MALE,2.8011204481792715,114,20,913,0.17543859649122806,21.90580503833516
ep_050_whisperx_diarized.gender.host_guest,Ranveer A,MALE->MALE,1.2183235867446394,327,25,4241,0.0764525993883792,5.894836123555765
ep_051_whisperx_diarized.gender.host_guest,Ranveer A,MALE->MALE,5.093378607809847,253,39,1917,0.1541501976284585,20.344287949921753
ep_052_whisperx_diarized.gender.host_guest,Ranveer A,MALE->FEMALE,3.615702479338843,301,75,2002,0.24916943521594684,37.46253746253746
ep_053_whisperx_diarized.gender.host_guest,Ranveer A,MALE->FEMALE,4.121475054229935,582,90,4832,0.15463917525773196,18.625827814569536
ep_054_whisperx_diarized.gender.host_guest,Ranveer A,MALE->MALE,4.444444444444445,507,93,3758,0.1834319526627219,24.74720596061735
ep_055_whisperx_diarized.gender.host_guest,Ranveer A,MALE->FEMALE,6.962025316455696,605,160,4870,0.2644628099173554,32.85420944558521
ep_056_whisperx_diarized.gender.host_guest,Ranveer A,MALE->MALE,0.7748934521503293,593,63,5279,0.10623946037099494,11.934078423943928
ep_057_whisperx_diarized.gender.host_guest,Ranveer A,MALE->FEMALE,4.646840148698885,480,90,3417,0.1875,26.33889376646181
ep_058_whisperx_diarized.gender.host_guest,Ranveer A,MALE->FEMALE,5.361930294906166,331,67,2390,0.20241691842900303,28.03347280334728
ep_059_whisperx_diarized.gender.host_guest,Ranveer A,MALE->MALE,7.85751702462022,489,141,4015,0.2883435582822086,35.118306351183065
ep_060_whisperx_diarized.gender.host_guest,Ranveer A,MALE->MALE,0.9409550693954364,456,35,4494,0.07675438596491228,7.788161993769471
ep_061_whisperx_diarized.gender.host_guest,Ranveer A,MALE->FEMALE,3.290747193186218,637,80,5342,0.12558869701726844,14.97566454511419
ep_062_whisperx_diarized.gender.host_guest,Ranveer A,MALE->MALE,3.2876712328767126,205,42,1957,0.2048780487804878,21.461420541645374
ep_063_whisperx_diarized.gender.host_guest,Nikhil Kamath,MALE->MALE,2.296738631143776,205,42,2311,0.2048780487804878,18.173950670705324
ep_064_whisperx_diarized.gender.host_guest,Ranveer A,MALE->FEMALE,6.654991243432574,448,93,2992,0.20758928571428573,31.08288770053476
ep_065_whisperx_diarized.gender.host_guest,Ranveer A,MALE->MALE,2.9521747687463096,540,65,5207,0.12037037037037036,12.483195698098713
ep_066_whisperx_diarized.gender.host_guest,Ranveer A,MALE->FEMALE,5.529953917050691,411,84,3476,0.20437956204379562,24.165707710011507
ep_067_whisperx_diarized.gender.host_guest,Nikhil Kamath,MALE->MALE,3.258655804480652,165,46,2513,0.2787878787878788,18.304814962196577
ep_068_whisperx_diarized.gender.host_guest,Ranveer A,MALE->MALE,3.0991735537190084,116,17,1060,0.14655172413793102,16.037735849056602
ep_069_whisperx_diarized.gender.host_guest,Ranveer A,MALE->MALE,5.923000987166831,439,100,3169,0.22779043280182232,31.55569580309246
ep_070_whisperx_diarized.gender.host_guest,Ranveer A,MALE->MALE,2.250984805852561,490,61,3721,0.12448979591836734,16.39344262295082
ep_071_whisperx_diarized.gender.host_guest,Ranveer A,MALE->MALE,4.53074433656958,205,32,1620,0.15609756097560976,19.753086419753085
ep_072_whisperx_diarized.gender.host_guest,Nikhil Kamath,MALE->MALE,4.941599281221923,212,87,2270,0.41037735849056606,38.32599118942731
ep_073_whisperx_diarized.gender.host_guest,Ranveer A,MALE->MALE,4.176334106728539,482,58,4453,0.12033195020746888,13.024927015495171
ep_074_whisperx_diarized.gender.host_guest,Ranveer A,MALE->FEMALE,0.9528346831824678,706,34,4468,0.04815864022662889,7.609668755595345
ep_075_whisperx_diarized.gender.host_guest,Nikhil Kamath,MALE->MALE,5.734310289901242,315,110,3305,0.3492063492063492,33.28290468986384
ep_076_whisperx_diarized.gender.host_guest,Ranveer A,MALE->MALE,7.462686567164179,114,22,926,0.19298245614035087,23.758099352051836
ep_077_whisperx_diarized.gender.host_guest,Ranveer A,MALE->MALE,2.294893861158921,432,59,3577,0.13657407407407407,16.494268940452894
ep_078_whisperx_diarized.gender.host_guest,Ranveer A,MALE->FEMALE,3.200568990042674,358,67,2935,0.1871508379888268,22.82793867120954
ep_079_whisperx_diarized.gender.host_guest,Ranveer A,MALE->MALE,1.525320317266626,433,36,3497,0.08314087759815242,10.294538175579067
ep_080_whisperx_diarized.gender.host_guest,Ranveer A,MALE->FEMALE,4.038179148311307,711,131,5612,0.18424753867791843,23.342836778332146
ep_081_whisperx_diarized.gender.host_guest,Ranveer A,MALE->MALE,5.34045393858478,595,93,3878,0.15630252100840336,23.98143372872615
ep_082_whisperx_diarized.gender.host_guest,Ranveer A,MALE->MALE,5.553627212773343,373,95,3169,0.2546916890080429,29.977911012937835
ep_083_whisperx_diarized.gender.host_guest,Ranveer A,MALE->MALE,2.269779507133593,467,61,3242,0.13062098501070663,18.815545959284393
ep_084_whisperx_diarized.gender.host_guest,Nikhil Kamath,MALE->MALE,2.151565861821659,839,156,8523,0.18593563766388557,18.303414290742698
ep_085_whisperx_diarized.gender.host_guest,Ranveer A,MALE->MALE,8.780256288561937,586,109,4343,0.18600682593856654,25.09785862307161
ep_086_whisperx_diarized.gender.host_guest,Ranveer A,MALE->MALE,2.4141630901287554,460,59,3937,0.1282608695652174,14.986029972059944
ep_087_whisperx_diarized.gender.host_guest,Nikhil Kamath,MALE->MALE,2.905569007263922,164,58,2123,0.35365853658536583,27.319830428638717
ep_088_whisperx_diarized.gender.host_guest,Ranveer A,MALE->FEMALE,7.456503728251864,489,123,3927,0.25153374233128833,31.321619556913674
ep_089_whisperx_diarized.gender.host_guest,,MALE->MALE,12.38390092879257,199,78,1373,0.39195979899497485,56.80990531682447
ep_090_whisperx_diarized.gender.host_guest,Ranveer A,MALE->MALE,4.287901990811639,689,119,6677,0.17271407837445574,17.822375318256704
ep_091_whisperx_diarized.gender.host_guest,Ranveer A,MALE->MALE,0.8879023307436182,567,42,4680,0.07407407407407407,8.974358974358974
ep_092_whisperx_diarized.gender.host_guest,Ranveer A,MALE->FEMALE,9.282700421940929,391,119,2525,0.30434782608695654,47.12871287128713
ep_093_whisperx_diarized.gender.host_guest,Ranveer A,MALE->FEMALE,6.916192026037429,1288,328,7474,0.2546583850931677,43.885469628043886
ep_094_whisperx_diarized.gender.host_guest,Ranveer A,MALE->MALE,2.376425855513308,592,71,4384,0.11993243243243243,16.195255474452555
ep_095_whisperx_diarized.gender.host_guest,Nikhil Kamath,MALE->MALE,2.263467632412856,200,60,2327,0.3,25.78427159432746
ep_096_whisperx_diarized.gender.host_guest,Nikhil Kamath,MALE->MALE,3.463203463203463,574,177,5856,0.3083623693379791,30.225409836065573
ep_097_whisperx_diarized.gender.host_guest,Ranveer A,MALE->FEMALE,6.1902082160945415,378,83,3791,0.21957671957671956,21.893959377472964
ep_098_whisperx_diarized.gender.host_guest,Ranveer A,MALE->FEMALE,5.89101620029455,867,137,6295,0.1580161476355248,21.76330420969023
ep_099_whisperx_diarized.gender.host_guest,Nikhil Kamath,MALE->MALE,4.336379123431934,835,132,6614,0.15808383233532936,19.957665557907468
ep_100_whisperx_diarized.gender.host_guest,Ranveer A,MALE->MALE,3.79386658235852,374,50,3316,0.13368983957219252,15.078407720144753
ep_101_whisperx_diarized.gender.host_guest,Ranveer A,MALE->FEMALE,2.004008016032064,118,30,1156,0.2542372881355932,25.951557093425606
ep_102_whisperx_diarized.gender.host_guest,Ranveer A,MALE->MALE,1.016880211511084,602,60,5025,0.09966777408637874,11.940298507462687
ep_103_whisperx_diarized.gender.host_guest,Ranveer A,MALE->MALE,1.9160758766047128,667,51,5394,0.07646176911544228,9.454949944382648
ep_104_whisperx_diarized.gender.host_guest,Ranveer A,MALE->MALE,2.927186242224661,299,42,2872,0.14046822742474915,14.623955431754874
ep_105_whisperx_diarized.gender.host_guest,Ranveer A,MALE->MALE,5.014698253501643,998,161,5937,0.16132264529058116,27.11807310089271
ep_106_whisperx_diarized.gender.host_guest,Ranveer A,MALE->MALE,8.578027053777632,505,92,3165,0.18217821782178217,29.067930489731438
ep_107_whisperx_diarized.gender.host_guest,Ranveer A,MALE->MALE,5.143591941705958,376,64,2471,0.1702127659574468,25.900445163901253
ep_108_whisperx_diarized.gender.host_guest,Ranveer A,MALE->MALE,5.998588567395907,325,81,2918,0.24923076923076923,27.758738862234406
ep_109_whisperx_diarized.gender.host_guest,Ranveer A,MALE->MALE,2.60707635009311,341,70,2912,0.20527859237536658,24.03846153846154
ep_110_whisperx_diarized.gender.host_guest,Ranveer A,MALE->FEMALE,4.765851636966431,672,110,5002,0.1636904761904762,21.991203518592563
ep_111_whisperx_diarized.gender.host_guest,Ranveer A,MALE->FEMALE,15.942028985507246,102,27,727,0.2647058823529412,37.13892709766162
ep_112_whisperx_diarized.gender.host_guest,Ranveer A,MALE->FEMALE,12.835472578763126,263,74,1892,0.2813688212927757,39.112050739957716
ep_113_whisperx_diarized.gender.host_guest,Ranveer A,MALE->MALE,4.5167118337850045,261,46,2382,0.17624521072796934,19.31150293870697
ep_114_whisperx_diarized.gender.host_guest,Faye Dsouza,FEMALE->MALE,2.540220152413209,91,24,1308,0.26373626373626374,18.34862385321101
ep_115_whisperx_diarized.gender.host_guest,,FEMALE->MALE,2.491280518186348,190,35,2237,0.18421052631578946,15.645954403218596
ep_116_whisperx_diarized.gender.host_guest,,FEMALE->MALE,3.179650238473768,152,30,1941,0.19736842105263158,15.45595054095827
ep_117_whisperx_diarized.gender.host_guest,Faye Dsouza,FEMALE->MALE,2.872737719046252,257,72,3625,0.2801556420233463,19.862068965517242
ep_118_whisperx_diarized.gender.host_guest,Faye Dsouza,FEMALE->FEMALE,1.7878426698450536,146,29,1699,0.19863013698630136,17.06886403766922
ep_119_whisperx_diarized.gender.host_guest,Faye Dsouza,FEMALE->MALE,1.146788990825688,293,47,3639,0.16040955631399317,12.915636163781258
ep_120_whisperx_diarized.gender.host_guest,Faye Dsouza,FEMALE->MALE,6.504065040650406,177,48,1971,0.2711864406779661,24.3531202435312
ep_121_whisperx_diarized.gender.host_guest,,FEMALE->MALE,4.827330115113257,241,47,2815,0.1950207468879668,16.69626998223801
ep_122_whisperx_diarized.gender.host_guest,Faye Dsouza,FEMALE->FEMALE,1.548586914440573,214,47,2708,0.21962616822429906,17.355982274741507
ep_123_whisperx_diarized.gender.host_guest,,FEMALE->MALE,4.917025199754148,141,27,1695,0.19148936170212766,15.929203539823009
ep_124_whisperx_diarized.gender.host_guest,,FEMALE->FEMALE,0.0,440,18,7262,0.04090909090909091,2.4786560176259984
ep_125_whisperx_diarized.gender.host_guest,,FEMALE->MALE,5.047318611987382,131,40,1687,0.3053435114503817,23.710729104919977
ep_126_whisperx_diarized.gender.host_guest,Karishma Mehta,FEMALE->FEMALE,4.188880426504189,208,52,2789,0.25,18.64467551093582
ep_127_whisperx_diarized.gender.host_guest,Faye Dsouza,FEMALE->FEMALE,2.8735632183908044,64,15,1064,0.234375,14.097744360902256
ep_128_whisperx_diarized.gender.host_guest,Karishma Mehta,FEMALE->MALE,7.926574885273258,299,49,2532,0.16387959866220736,19.352290679304897
ep_129_whisperx_diarized.gender.host_guest,,FEMALE->FEMALE,3.7546933667083855,187,39,1717,0.20855614973262032,22.714036109493303
ep_130_whisperx_diarized.gender.host_guest,Faye Dsouza,FEMALE->MALE,3.36417157275021,215,44,2553,0.20465116279069767,17.234625930278103
ep_131_whisperx_diarized.gender.host_guest,Faye Dsouza,FEMALE->FEMALE,3.401360544217687,119,24,1819,0.20168067226890757,13.194062671797692
ep_132_whisperx_diarized.gender.host_guest,Faye Dsouza,FEMALE->MALE,6.476683937823834,171,32,1590,0.1871345029239766,20.12578616352201
ep_133_whisperx_diarized.gender.host_guest,Faye Dsouza,FEMALE->FEMALE,6.389776357827476,120,34,1507,0.2833333333333333,22.561380225613803
ep_134_whisperx_diarized.gender.host_guest,Faye Dsouza,FEMALE->MALE,5.558987029030265,151,32,1701,0.2119205298013245,18.8124632569077
ep_135_whisperx_diarized.gender.host_guest,Faye Dsouza,FEMALE->MALE,6.937561942517344,170,42,2111,0.24705882352941178,19.89578398863098
ep_136_whisperx_diarized.gender.host_guest,Faye Dsouza,FEMALE->MALE,2.963590177815411,218,50,2455,0.22935779816513763,20.36659877800407
ep_137_whisperx_diarized.gender.host_guest,Karishma Mehta,FEMALE->FEMALE,12.265978050355068,236,55,1699,0.2330508474576271,32.37198351971748
ep_138_whisperx_diarized.gender.host_guest,Faye Dsouza,FEMALE->MALE,5.135387488328665,143,42,2393,0.2937062937062937,17.551190973673215
ep_139_whisperx_diarized.gender.host_guest,Faye Dsouza,FEMALE->FEMALE,5.710659898477157,182,37,1674,0.2032967032967033,22.102747909199522
ep_140_whisperx_diarized.gender.host_guest,,FEMALE->MALE,2.7110766847405112,228,53,2803,0.2324561403508772,18.90831252229754
ep_141_whisperx_diarized.gender.host_guest,Faye Dsouza,FEMALE->FEMALE,2.3507287259050305,136,36,2222,0.2647058823529412,16.2016201620162
ep_142_whisperx_diarized.gender.host_guest,Faye Dsouza,FEMALE->MALE,3.0665440049064703,252,40,3369,0.15873015873015872,11.872959335114277
ep_143_whisperx_diarized.gender.host_guest,Faye Dsouza,FEMALE->MALE,7.77676120768527,176,73,2240,0.4147727272727273,32.589285714285715
ep_144_whisperx_diarized.gender.host_guest,Faye Dsouza,FEMALE->FEMALE,2.6595744680851063,225,34,2714,0.1511111111111111,12.527634487840825
ep_145_whisperx_diarized.gender.host_guest,Faye Dsouza,FEMALE->FEMALE,4.502476361999099,184,47,2335,0.2554347826086957,20.12847965738758
ep_146_whisperx_diarized.gender.host_guest,Faye Dsouza,FEMALE->FEMALE,2.8530670470756063,126,33,1499,0.2619047619047619,22.01467645096731
ep_147_whisperx_diarized.gender.host_guest,Faye Dsouza,FEMALE->FEMALE,4.154302670623145,139,33,1805,0.23741007194244604,18.282548476454295
ep_148_whisperx_diarized.gender.host_guest,,FEMALE->FEMALE,2.3255813953488373,162,25,1855,0.15432098765432098,13.477088948787062
ep_149_whisperx_diarized.gender.host_guest,Faye Dsouza,FEMALE->FEMALE,1.9984012789768184,178,34,2556,0.19101123595505617,13.302034428794991
ep_150_whisperx_diarized.gender.host_guest,Faye Dsouza,FEMALE->MALE,9.365244536940686,133,51,2066,0.38345864661654133,24.68538238141336
ep_151_whisperx_diarized.gender.host_guest,Faye Dsouza,FEMALE->MALE,10.79136690647482,93,29,996,0.3118279569892473,29.116465863453815
ep_152_whisperx_diarized.gender.host_guest,Faye Dsouza,FEMALE->MALE,6.86695278969957,104,38,1350,0.36538461538461536,28.14814814814815
ep_153_whisperx_diarized.gender.host_guest,Faye Dsouza,FEMALE->MALE,13.605442176870747,161,56,1591,0.34782608695652173,35.19798868636078
ep_154_whisperx_diarized.gender.host_guest,Raj Shamani,MALE->MALE,9.483167377904222,296,77,2304,0.26013513513513514,33.420138888888886
ep_155_whisperx_diarized.gender.host_guest,Raj Shamani,MALE->MALE,4.778972520908004,319,69,2689,0.21630094043887146,25.66009669021941
ep_156_whisperx_diarized.gender.host_guest,Raj Shamani,MALE->MALE,0.9810333551340744,268,52,3283,0.19402985074626866,15.839171489491319
ep_157_whisperx_diarized.gender.host_guest,Karishma Mehta,FEMALE->MALE,13.011152416356875,160,46,1718,0.2875,26.77532013969732
ep_158_whisperx_diarized.gender.host_guest,Raj Shamani,MALE->MALE,6.122448979591836,244,81,2088,0.3319672131147541,38.793103448275865
ep_159_whisperx_diarized.gender.host_guest,Raj Shamani,MALE->MALE,5.1914341336794285,218,53,1695,0.24311926605504589,31.26843657817109
ep_160_whisperx_diarized.gender.host_guest,Raj Shamani,MALE->MALE,4.992511233150275,190,66,2262,0.3473684210526316,29.177718832891248
ep_161_whisperx_diarized.gender.host_guest,Raj Shamani,MALE->MALE,4.674046740467404,494,88,4313,0.17813765182186234,20.403431486204497
ep_162_whisperx_diarized.gender.host_guest,Karishma Mehta,FEMALE->MALE,7.417102966841187,285,53,2371,0.18596491228070175,22.35343736819907
ep_163_whisperx_diarized.gender.host_guest,Raj Shamani,MALE->FEMALE,2.363507445048452,541,81,4443,0.14972273567467653,18.23092505064146
ep_164_whisperx_diarized.gender.host_guest,Raj Shamani,MALE->FEMALE,1.1473152822395596,491,59,4555,0.12016293279022404,12.952799121844127
ep_165_whisperx_diarized.gender.host_guest,Raj Shamani,MALE->MALE,1.3789299503585215,434,68,3848,0.15668202764976957,17.671517671517673
ep_166_whisperx_diarized.gender.host_guest,Raj Shamani,MALE->MALE,6.326034063260341,260,61,2191,0.23461538461538461,27.841168416248287
ep_167_whisperx_diarized.gender.host_guest,Raj Shamani,MALE->MALE,1.7844396859386151,279,50,2959,0.17921146953405018,16.897600540723218
ep_168_whisperx_diarized.gender.host_guest,Raj Shamani,MALE->MALE,3.944773175542408,260,75,2303,0.28846153846153844,32.56621797655232
ep_169_whisperx_diarized.gender.host_guest,Raj Shamani,MALE->MALE,2.8885037550548818,656,114,5515,0.17378048780487804,20.670897552130555
ep_170_whisperx_diarized.gender.host_guest,Raj Shamani,MALE->MALE,0.4260758414997869,254,37,2553,0.14566929133858267,14.492753623188406
ep_171_whisperx_diarized.gender.host_guest,Raj Shamani,MALE->MALE,3.716090672612411,296,68,2942,0.22972972972972974,23.11352821210061
ep_172_whisperx_diarized.gender.host_guest,Raj Shamani,MALE->MALE,8.583690987124463,296,86,2565,0.2905405405405405,33.528265107212476
ep_173_whisperx_diarized.gender.host_guest,Raj Shamani,MALE->MALE,0.4766444232602478,220,29,2275,0.1318181818181818,12.747252747252746
ep_174_whisperx_diarized.gender.host_guest,Raj Shamani,MALE->MALE,0.2774694783573806,378,18,3873,0.047619047619047616,4.647560030983733
ep_175_whisperx_diarized.gender.host_guest,Raj Shamani,MALE->MALE,1.7084282460136675,222,32,1935,0.14414414414414414,16.537467700258397
ep_176_whisperx_diarized.gender.host_guest,Raj Shamani,MALE->MALE,4.905968928863451,167,55,1422,0.32934131736526945,38.67791842475387
ep_177_whisperx_diarized.gender.host_guest,Raj Shamani,MALE->MALE,3.2819166393173616,375,75,3231,0.2,23.212627669452182
ep_178_whisperx_diarized.gender.host_guest,Raj Shamani,MALE->MALE,6.379585326953748,137,33,1375,0.24087591240875914,24.0
ep_179_whisperx_diarized.gender.host_guest,Raj Shamani,MALE->FEMALE,7.800312012480499,324,97,2764,0.2993827160493827,35.09406657018813
ep_180_whisperx_diarized.gender.host_guest,Raj Shamani,MALE->MALE,3.899585669022666,516,120,4270,0.23255813953488372,28.10304449648712
ep_181_whisperx_diarized.gender.host_guest,Raj Shamani,MALE->MALE,1.364877161055505,253,53,2422,0.20948616600790515,21.882741535920726
ep_182_whisperx_diarized.gender.host_guest,Raj Shamani,MALE->MALE,3.40522133938706,203,53,1923,0.26108374384236455,27.561102444097763
ep_183_whisperx_diarized.gender.host_guest,Raj Shamani,MALE->MALE,1.487357461576599,215,40,2214,0.18604651162790697,18.066847335140018
ep_184_whisperx_diarized.gender.host_guest,Raj Shamani,MALE->MALE,0.6662225183211192,140,33,1688,0.2357142857142857,19.549763033175356
ep_185_whisperx_diarized.gender.host_guest,Raj Shamani,MALE->FEMALE,3.968253968253968,458,105,3999,0.2292576419213974,26.25656414103526
ep_186_whisperx_diarized.gender.host_guest,Raj Shamani,MALE->FEMALE,3.745318352059925,486,70,3703,0.1440329218106996,18.90359168241966
ep_187_whisperx_diarized.gender.host_guest,Raj Shamani,MALE->MALE,1.6632016632016633,308,51,2635,0.16558441558441558,19.35483870967742
ep_188_whisperx_diarized.gender.host_guest,Raj Shamani,MALE->MALE,3.7735849056603774,268,51,2599,0.19029850746268656,19.622931896883415
ep_189_whisperx_diarized.gender.host_guest,Raj Shamani,MALE->MALE,3.221352968246664,262,65,2368,0.2480916030534351,27.449324324324323
ep_190_whisperx_diarized.gender.host_guest,Raj Shamani,MALE->MALE,4.145555043758637,295,82,2383,0.27796610169491526,34.41040704993706
ep_191_whisperx_diarized.gender.host_guest,Raj Shamani,MALE->MALE,1.452081316553727,231,47,2342,0.20346320346320346,20.068317677198976
ep_192_whisperx_diarized.gender.host_guest,Raj Shamani,MALE->MALE,5.580746424834322,338,77,3074,0.22781065088757396,25.048796356538713
ep_193_whisperx_diarized.gender.host_guest,Raj Shamani,MALE->MALE,2.790373212417161,311,54,2937,0.17363344051446947,18.38610827374872
ep_194_whisperx_diarized.gender.host_guest,Raj Shamani,MALE->MALE,4.685408299866132,362,96,3188,0.26519337016574585,30.1129234629862
ep_195_whisperx_diarized.gender.host_guest,Raj Shamani,MALE->MALE,7.046388725778039,236,51,1921,0.21610169491525424,26.548672566371682
ep_196_whisperx_diarized.gender.host_guest,Raj Shamani,MALE->MALE,7.582938388625592,438,111,3395,0.2534246575342466,32.695139911634755
ep_197_whisperx_diarized.gender.host_guest,Raj Shamani,MALE->FEMALE,4.195270785659802,339,70,2846,0.20648967551622419,24.595924104005622
ep_198_whisperx_diarized.gender.host_guest,Raj Shamani,MALE->FEMALE,9.003939223410242,259,57,1947,0.22007722007722008,29.275808936825886
ep_199_whisperx_diarized.gender.host_guest,Raj Shamani,MALE->FEMALE,0.588119976475201,675,81,5324,0.12,15.214124718256949
ep_200_whisperx_diarized.gender.host_guest,Raj Shamani,MALE->MALE,4.515805318615153,500,135,4279,0.27,31.549427436316897
ep_201_whisperx_diarized.gender.host_guest,Raj Shamani,MALE->MALE,0.8281573498964804,295,40,2612,0.13559322033898305,15.313935681470138
ep_202_whisperx_diarized.gender.host_guest,Raj Shamani,MALE->MALE,0.0,432,80,5014,0.18518518518518517,15.955325089748703
ep_203_whisperx_diarized.gender.host_guest,Raj Shamani,MALE->FEMALE,5.942275042444821,576,108,4926,0.1875,21.92448233861145
ep_204_whisperx_diarized.gender.host_guest,Raj Shamani,MALE->FEMALE,1.467710371819961,381,64,4226,0.1679790026246719,15.144344533838145
ep_205_whisperx_diarized.gender.host_guest,Raj Shamani,MALE->FEMALE,4.324843825084094,554,112,4337,0.20216606498194944,25.82430251325801
ep_206_whisperx_diarized.gender.host_guest,Raj Shamani,MALE->MALE,1.919385796545105,219,28,1757,0.1278538812785388,15.936254980079681
ep_207_whisperx_diarized.gender.host_guest,Raj Shamani,MALE->FEMALE,3.878474466709761,633,76,4852,0.12006319115323855,15.663643858202803
ep_208_whisperx_diarized.gender.host_guest,Raj Shamani,MALE->MALE,2.805049088359046,363,88,3834,0.24242424242424243,22.952529994783514
ep_209_whisperx_diarized.gender.host_guest,Raj Shamani,MALE->MALE,4.286827747466875,305,53,2757,0.1737704918032787,19.22379397896264
ep_210_whisperx_diarized.gender.host_guest,Raj Shamani,MALE->FEMALE,5.555555555555555,549,153,4146,0.2786885245901639,36.90303907380608
ep_211_whisperx_diarized.gender.host_guest,Raj Shamani,MALE->FEMALE,5.296100144439095,288,59,2286,0.2048611111111111,25.809273840769904
ep_212_whisperx_diarized.gender.host_guest,Raj Shamani,MALE->MALE,4.774535809018567,228,51,2101,0.2236842105263158,24.27415516420752
ep_213_whisperx_diarized.gender.host_guest,Raj Shamani,MALE->MALE,0.922722029988466,653,115,4582,0.17611026033690658,25.098210388476648
ep_214_whisperx_diarized.gender.host_guest,Raj Shamani,MALE->MALE,3.986710963455149,195,40,1597,0.20512820512820512,25.046963055729492
ep_215_whisperx_diarized.gender.host_guest,Raj Shamani,MALE->MALE,1.6706443914081144,457,83,4385,0.18161925601750548,18.92816419612315
ep_216_whisperx_diarized.gender.host_guest,Raj Shamani,MALE->MALE,3.948312993539124,290,77,2970,0.2655172413793103,25.925925925925927
ep_217_whisperx_diarized.gender.host_guest,Raj Shamani,MALE->MALE,3.373493975903614,232,39,2300,0.16810344827586207,16.956521739130434
ep_218_whisperx_diarized.gender.host_guest,Raj Shamani,MALE->MALE,11.027790030877812,307,96,2465,0.3127035830618892,38.945233265720084
ep_219_whisperx_diarized.gender.host_guest,Raj Shamani,MALE->MALE,3.592814371257485,239,52,1852,0.2175732217573222,28.077753779697623
ep_220_whisperx_diarized.gender.host_guest,Raj Shamani,MALE->FEMALE,8.9171974522293,404,127,2609,0.31435643564356436,48.677654273668075
ep_221_whisperx_diarized.gender.host_guest,Raj Shamani,MALE->MALE,4.164187983343248,376,72,3628,0.19148936170212766,19.845644983461963
ep_222_whisperx_diarized.gender.host_guest,Raj Shamani,MALE->MALE,1.030131341746073,726,97,8018,0.13360881542699724,12.097779995011225
ep_223_whisperx_diarized.gender.host_guest,Raj Shamani,MALE->FEMALE,6.215243702976775,440,123,3285,0.27954545454545454,37.44292237442922
ep_224_whisperx_diarized.gender.host_guest,Raj Shamani,MALE->MALE,5.570214013485781,422,97,3642,0.22985781990521326,26.633717737506863
ep_225_whisperx_diarized.gender.host_guest,Raj Shamani,MALE->MALE,5.531914893617022,291,69,2495,0.23711340206185566,27.655310621242485
ep_226_whisperx_diarized.gender.host_guest,Raj Shamani,MALE->MALE,1.7462165308498254,196,43,1850,0.2193877551020408,23.243243243243242
ep_227_whisperx_diarized.gender.host_guest,Raj Shamani,MALE->MALE,5.061155630535639,330,95,2491,0.2878787878787879,38.1372942593336
ep_228_whisperx_diarized.gender.host_guest,Karishma Mehta,FEMALE->FEMALE,8.496176720475786,109,48,1205,0.44036697247706424,39.83402489626556
ep_229_whisperx_diarized.gender.host_guest,Raj Shamani,MALE->FEMALE,8.787346221441126,299,83,2483,0.27759197324414714,33.42730567861458
ep_230_whisperx_diarized.gender.host_guest,Raj Shamani,MALE->MALE,8.369868473495417,333,81,2731,0.24324324324324326,29.65946539729037
ep_231_whisperx_diarized.gender.host_guest,Raj Shamani,MALE->FEMALE,7.64748725418791,366,92,2960,0.25136612021857924,31.08108108108108
ep_232_whisperx_diarized.gender.host_guest,Raj Shamani,MALE->MALE,12.057877813504822,183,62,1488,0.33879781420765026,41.666666666666664
ep_233_whisperx_diarized.gender.host_guest,Raj Shamani,MALE->MALE,6.108735491753207,232,58,1808,0.25,32.07964601769911
ep_234_whisperx_diarized.gender.host_guest,Raj Shamani,MALE->MALE,6.760909649661954,213,55,1850,0.25821596244131456,29.72972972972973
ep_235_whisperx_diarized.gender.host_guest,Raj Shamani,MALE->MALE,5.946481665014866,342,90,3276,0.2631578947368421,27.47252747252747
ep_236_whisperx_diarized.gender.host_guest,Raj Shamani,MALE->MALE,7.787448465414567,298,85,2412,0.28523489932885904,35.240464344941955
ep_237_whisperx_diarized.gender.host_guest,Raj Shamani,MALE->MALE,4.478398314014752,493,85,4107,0.1724137931034483,20.6963720477234
ep_238_whisperx_diarized.gender.host_guest,Raj Shamani,MALE->MALE,2.0710059171597632,376,82,3702,0.21808510638297873,22.15018908698001
ep_239_whisperx_diarized.gender.host_guest,Raj Shamani,MALE->MALE,5.669737774627924,177,36,1571,0.2033898305084746,22.915340547422023
ep_240_whisperx_diarized.gender.host_guest,Raj Shamani,MALE->MALE,0.0,195,20,3321,0.10256410256410256,6.022282445046673
ep_241_whisperx_diarized.gender.host_guest,Raj Shamani,MALE->MALE,6.325474410580793,196,63,1943,0.32142857142857145,32.42408646423057
ep_242_whisperx_diarized.gender.host_guest,Raj Shamani,MALE->MALE,5.347593582887701,269,77,2768,0.2862453531598513,27.81791907514451
ep_243_whisperx_diarized.gender.host_guest,Raj Shamani,MALE->MALE,3.843466107617051,351,73,3051,0.20797720797720798,23.926581448705342
ep_244_whisperx_diarized.gender.host_guest,Raj Shamani,MALE->MALE,2.4805102763997167,377,77,3130,0.20424403183023873,24.600638977635782
ep_245_whisperx_diarized.gender.host_guest,Raj Shamani,MALE->MALE,9.433962264150942,181,51,1436,0.281767955801105,35.51532033426184
ep_246_whisperx_diarized.gender.host_guest,Raj Shamani,MALE->FEMALE,2.102446483180428,738,93,5494,0.12601626016260162,16.927557335274845
ep_247_whisperx_diarized.gender.host_guest,Raj Shamani,MALE->MALE,8.083832335329342,454,139,3517,0.30616740088105726,39.52232015922662
ep_248_whisperx_diarized.gender.host_guest,Raj Shamani,MALE->MALE,7.089405277668374,408,81,2769,0.19852941176470587,29.25243770314193
ep_249_whisperx_diarized.gender.host_guest,Raj Shamani,MALE->MALE,6.931608133086876,271,63,2398,0.23247232472324722,26.271893244370307
ep_250_whisperx_diarized.gender.host_guest,Raj Shamani,MALE->MALE,4.803362353647553,400,74,3572,0.185,20.716685330347143
ep_251_whisperx_diarized.gender.host_guest,Raj Shamani,MALE->MALE,3.100338218714769,456,71,3773,0.15570175438596492,18.81791677710045
ep_252_whisperx_diarized.gender.host_guest,Raj Shamani,MALE->MALE,6.435006435006435,102,34,893,0.3333333333333333,38.07390817469205
ep_253_whisperx_diarized.gender.host_guest,Raj Shamani,MALE->MALE,2.2396416573348263,474,61,3806,0.12869198312236288,16.027325275880187
ep_254_whisperx_diarized.gender.host_guest,Raj Shamani,MALE->MALE,8.361204013377925,223,59,1937,0.2645739910313901,30.459473412493548
ep_255_whisperx_diarized.gender.host_guest,Raj Shamani,MALE->FEMALE,10.163339382940109,383,108,3003,0.2819843342036554,35.964035964035965
ep_256_whisperx_diarized.gender.host_guest,Raj Shamani,MALE->FEMALE,7.159904534606206,318,70,2770,0.22012578616352202,25.270758122743683
ep_257_whisperx_diarized.gender.host_guest,Raj Shamani,MALE->MALE,2.333722287047841,330,63,2782,0.19090909090909092,22.645578720345075
ep_258_whisperx_diarized.gender.host_guest,Raj Shamani,MALE->FEMALE,5.897965202005308,472,83,3696,0.17584745762711865,22.456709956709958
ep_259_whisperx_diarized.gender.host_guest,Raj Shamani,MALE->MALE,2.18408736349454,429,75,3436,0.17482517482517482,21.827706635622818
ep_260_whisperx_diarized.gender.host_guest,Raj Shamani,MALE->MALE,2.095337873232059,209,43,2127,0.20574162679425836,20.21626704278326
ep_261_whisperx_diarized.gender.host_guest,Raj Shamani,MALE->MALE,12.801575578532743,300,96,2336,0.32,41.0958904109589
ep_262_whisperx_diarized.gender.host_guest,Raj Shamani,MALE->MALE,1.4248397055331277,571,83,4433,0.14535901926444833,18.72321227159937
ep_263_whisperx_diarized.gender.host_guest,Raj Shamani,MALE->FEMALE,7.434944237918216,214,54,1561,0.2523364485981308,34.59320948110186
ep_264_whisperx_diarized.gender.host_guest,Karishma Mehta,FEMALE->MALE,5.004170141784821,157,37,1201,0.2356687898089172,30.80766028309742
ep_265_whisperx_diarized.gender.host_guest,Raj Shamani,MALE->MALE,4.533091568449683,314,75,2344,0.23885350318471338,31.996587030716725
ep_266_whisperx_diarized.gender.host_guest,Raj Shamani,MALE->MALE,2.58732212160414,330,76,2394,0.23030303030303031,31.746031746031747
ep_267_whisperx_diarized.gender.host_guest,Raj Shamani,MALE->MALE,1.0924981791697013,657,71,5742,0.1080669710806697,12.365029606408918
ep_268_whisperx_diarized.gender.host_guest,Karishma Mehta,FEMALE->FEMALE,10.68090787716956,101,25,892,0.24752475247524752,28.026905829596412
ep_269_whisperx_diarized.gender.host_guest,Raj Shamani,MALE->MALE,2.2962112514351323,307,52,2825,0.16938110749185667,18.4070796460177
ep_270_whisperx_diarized.gender.host_guest,Raj Shamani,MALE->FEMALE,2.4235080278703425,391,84,3470,0.21483375959079284,24.207492795389047
ep_271_whisperx_diarized.gender.host_guest,Raj Shamani,MALE->MALE,4.083299305839118,320,95,2589,0.296875,36.69370413286983
ep_272_whisperx_diarized.gender.host_guest,Raj Shamani,MALE->MALE,2.7962250961202373,419,77,3137,0.18377088305489261,24.545744341727765
ep_273_whisperx_diarized.gender.host_guest,Raj Shamani,MALE->MALE,3.146303093864709,450,104,4087,0.2311111111111111,25.446537802789333
ep_274_whisperx_diarized.gender.host_guest,Raj Shamani,MALE->FEMALE,2.525252525252525,323,71,3362,0.21981424148606812,21.118381915526474
ep_275_whisperx_diarized.gender.host_guest,,MALE->MALE,9.72972972972973,349,149,2990,0.4269340974212034,49.83277591973244
ep_276_whisperx_diarized.gender.host_guest,Raj Shamani,MALE->MALE,3.20666987333654,731,148,6384,0.2024623803009576,23.182957393483708
ep_277_whisperx_diarized.gender.host_guest,Raj Shamani,MALE->MALE,3.76593279258401,426,116,3700,0.27230046948356806,31.35135135135135
ep_278_whisperx_diarized.gender.host_guest,Raj Shamani,MALE->MALE,2.634099616858238,584,82,4264,0.1404109589041096,19.23076923076923
ep_279_whisperx_diarized.gender.host_guest,Raj Shamani,MALE->MALE,0.0,217,28,2470,0.12903225806451613,11.336032388663968
ep_280_whisperx_diarized.gender.host_guest,Raj Shamani,MALE->MALE,8.075370121130552,328,81,2375,0.24695121951219512,34.10526315789474
ep_281_whisperx_diarized.gender.host_guest,Raj Shamani,MALE->MALE,3.9584364176150415,284,85,2243,0.2992957746478873,37.895675434685685
ep_282_whisperx_diarized.gender.host_guest,Raj Shamani,MALE->FEMALE,8.286377195889957,445,188,3215,0.42247191011235957,58.475894245723175
ep_283_whisperx_diarized.gender.host_guest,Raj Shamani,MALE->MALE,2.0779220779220777,196,45,2100,0.22959183673469388,21.428571428571427
ep_284_whisperx_diarized.gender.host_guest,Raj Shamani,MALE->MALE,2.25022502250225,266,62,2388,0.23308270676691728,25.963149078726968
ep_285_whisperx_diarized.gender.host_guest,Raj Shamani,MALE->MALE,1.2143290831815423,362,45,3492,0.12430939226519337,12.88659793814433
ep_286_whisperx_diarized.gender.host_guest,Raj Shamani,MALE->MALE,0.8429926238145417,487,109,4984,0.22381930184804927,21.869983948635635
ep_287_whisperx_diarized.gender.host_guest,Raj Shamani,MALE->MALE,0.8003201280512205,317,56,2665,0.17665615141955837,21.01313320825516
ep_288_whisperx_diarized.gender.host_guest,Ranveer A,MALE->MALE,0.398406374501992,456,31,5225,0.06798245614035088,5.9330143540669855
ep_289_whisperx_diarized.gender.host_guest,Raj Shamani,MALE->FEMALE,2.2650056625141564,507,71,4773,0.14003944773175542,14.875340456735806
ep_290_whisperx_diarized.gender.host_guest,Raj Shamani,MALE->MALE,1.6084558823529411,540,65,4739,0.12037037037037036,13.715973834142224
ep_291_whisperx_diarized.gender.host_guest,,MALE->MALE,3.7197768133911966,237,31,1712,0.1308016877637131,18.10747663551402
ep_292_whisperx_diarized.gender.host_guest,Raj Shamani,MALE->FEMALE,0.2437241043139166,464,50,4416,0.10775862068965517,11.322463768115941
ep_293_whisperx_diarized.gender.host_guest,,MALE->MALE,2.1240441801189465,235,42,2553,0.17872340425531916,16.45123384253819
ep_294_whisperx_diarized.gender.host_guest,Raj Shamani,MALE->MALE,1.0851871947911014,533,78,5624,0.14634146341463414,13.869132290184922
ep_295_whisperx_diarized.gender.host_guest,,MALE->MALE,0.6697923643670461,173,7,1637,0.04046242774566474,4.276114844227245
ep_296_whisperx_diarized.gender.host_guest,Ranveer A,MALE->MALE,0.2108814846056516,534,33,4975,0.06179775280898876,6.633165829145729
ep_297_whisperx_diarized.gender.host_guest,Raj Shamani,MALE->MALE,2.996575342465753,249,48,2635,0.1927710843373494,18.216318785578746
ep_298_whisperx_diarized.gender.host_guest,,MALE->MALE,3.28515111695138,190,34,1606,0.17894736842105263,21.1706102117061
ep_299_whisperx_diarized.gender.host_guest,Karishma Mehta,FEMALE->MALE,4.709048099562731,346,75,3067,0.21676300578034682,24.453863710466255
ep_300_whisperx_diarized.gender.host_guest,Karishma Mehta,FEMALE->FEMALE,3.177124702144559,152,24,1346,0.15789473684210525,17.830609212481427
ep_301_whisperx_diarized.gender.host_guest,Karishma Mehta,FEMALE->MALE,7.49063670411985,91,14,592,0.15384615384615385,23.64864864864865
ep_302_whisperx_diarized.gender.host_guest,Karishma Mehta,FEMALE->FEMALE,5.076142131979695,180,31,1440,0.17222222222222222,21.52777777777778
ep_303_whisperx_diarized.gender.host_guest,Karishma Mehta,FEMALE->FEMALE,4.392386530014641,142,43,1449,0.3028169014084507,29.675638371290546
ep_304_whisperx_diarized.gender.host_guest,Karishma Mehta,FEMALE->MALE,5.060728744939271,105,18,1149,0.17142857142857143,15.66579634464752
ep_305_whisperx_diarized.gender.host_guest,Karishma Mehta,FEMALE->MALE,7.712082262210797,163,39,1218,0.2392638036809816,32.01970443349754
ep_306_whisperx_diarized.gender.host_guest,Karishma Mehta,FEMALE->MALE,4.405286343612335,161,35,1450,0.21739130434782608,24.137931034482758
ep_307_whisperx_diarized.gender.host_guest,Karishma Mehta,FEMALE->MALE,6.569343065693431,223,40,1448,0.17937219730941703,27.624309392265193
ep_308_whisperx_diarized.gender.host_guest,Karishma Mehta,FEMALE->FEMALE,9.929078014184398,79,22,819,0.27848101265822783,26.862026862026863
ep_309_whisperx_diarized.gender.host_guest,Karishma Mehta,FEMALE->MALE,11.363636363636363,118,54,844,0.4576271186440678,63.981042654028435
ep_310_whisperx_diarized.gender.host_guest,Karishma Mehta,FEMALE->FEMALE,1.2836970474967906,215,33,2435,0.15348837209302327,13.552361396303901
ep_311_whisperx_diarized.gender.host_guest,Karishma Mehta,FEMALE->FEMALE,4.920049200492005,133,22,1032,0.16541353383458646,21.31782945736434
ep_312_whisperx_diarized.gender.host_guest,Karishma Mehta,FEMALE->MALE,5.649717514124294,132,36,1368,0.2727272727272727,26.31578947368421
ep_313_whisperx_diarized.gender.host_guest,Karishma Mehta,FEMALE->FEMALE,9.334889148191364,114,24,1010,0.21052631578947367,23.762376237623762
ep_314_whisperx_diarized.gender.host_guest,Karishma Mehta,FEMALE->MALE,9.554140127388534,68,25,745,0.36764705882352944,33.557046979865774
ep_315_whisperx_diarized.gender.host_guest,Karishma Mehta,FEMALE->MALE,11.45912910618793,238,56,1429,0.23529411764705882,39.18824352694192
ep_316_whisperx_diarized.gender.host_guest,Karishma Mehta,FEMALE->FEMALE,7.917174177831911,162,46,1763,0.2839506172839506,26.091888825865002
ep_317_whisperx_diarized.gender.host_guest,Karishma Mehta,FEMALE->MALE,7.150153217568948,102,29,1108,0.28431372549019607,26.173285198555956
ep_318_whisperx_diarized.gender.host_guest,Karishma Mehta,FEMALE->MALE,10.357815442561206,166,41,1236,0.2469879518072289,33.17152103559871
ep_319_whisperx_diarized.gender.host_guest,Karishma Mehta,FEMALE->MALE,12.13960546282246,115,27,783,0.23478260869565218,34.48275862068966
ep_320_whisperx_diarized.gender.host_guest,Karishma Mehta,FEMALE->MALE,8.838383838383837,81,26,906,0.32098765432098764,28.69757174392936
ep_321_whisperx_diarized.gender.host_guest,Faye Dsouza,FEMALE->MALE,6.644518272425249,96,23,1250,0.23958333333333334,18.4
ep_322_whisperx_diarized.gender.host_guest,,FEMALE->MALE,1.0787486515641855,179,35,2831,0.19553072625698323,12.363122571529495
ep_323_whisperx_diarized.gender.host_guest,,FEMALE->FEMALE,2.824858757062147,85,13,1115,0.15294117647058825,11.659192825112108
ep_324_whisperx_diarized.gender.host_guest,,FEMALE->MALE,6.3965884861407245,131,41,1464,0.31297709923664124,28.005464480874316
ep_325_whisperx_diarized.gender.host_guest,Faye Dsouza,FEMALE->FEMALE,3.282994090610637,120,24,1527,0.2,15.717092337917485
ep_326_whisperx_diarized.gender.host_guest,,FEMALE->MALE,1.7406440382941688,104,13,1188,0.125,10.942760942760943
ep_327_whisperx_diarized.gender.host_guest,,FEMALE->FEMALE,3.1645569620253164,84,24,1418,0.2857142857142857,16.92524682651622
ep_328_whisperx_diarized.gender.host_guest,Faye Dsouza,FEMALE->MALE,1.0940919037199124,57,18,971,0.3157894736842105,18.537590113285273
ep_329_whisperx_diarized.gender.host_guest,,FEMALE->FEMALE,2.4464831804281344,203,35,1651,0.1724137931034483,21.199273167777104
ep_330_whisperx_diarized.gender.host_guest,,FEMALE->FEMALE,1.0272213662044172,285,56,3971,0.19649122807017544,14.102241249055654
ep_331_whisperx_diarized.gender.host_guest,Karishma Mehta,FEMALE->MALE,16.216216216216218,73,30,753,0.410958904109589,39.8406374501992
ep_332_whisperx_diarized.gender.host_guest,Karishma Mehta,FEMALE->MALE,4.194630872483222,101,16,1301,0.15841584158415842,12.298232129131437
ep_333_whisperx_diarized.gender.host_guest,Karishma Mehta,FEMALE->MALE,6.325110689437065,170,48,1676,0.2823529411764706,28.639618138424822
ep_334_whisperx_diarized.gender.host_guest,Karishma Mehta,FEMALE->MALE,5.471956224350205,198,40,1563,0.20202020202020202,25.591810620601407
ep_335_whisperx_diarized.gender.host_guest,Karishma Mehta,FEMALE->FEMALE,3.700277520814061,229,51,2277,0.22270742358078602,22.397891963109355
ep_336_whisperx_diarized.gender.host_guest,Karishma Mehta,FEMALE->FEMALE,1.5873015873015872,298,36,3270,0.12080536912751678,11.009174311926605
ep_337_whisperx_diarized.gender.host_guest,Karishma Mehta,FEMALE->MALE,4.563605248146035,242,56,1917,0.23140495867768596,29.212310902451748
ep_338_whisperx_diarized.gender.host_guest,Karishma Mehta,FEMALE->MALE,6.806930693069307,286,51,1698,0.17832167832167833,30.035335689045937
ep_339_whisperx_diarized.gender.host_guest,Karishma Mehta,FEMALE->FEMALE,3.091986601391394,422,80,4084,0.1895734597156398,19.58863858961802
ep_340_whisperx_diarized.gender.host_guest,Karishma Mehta,FEMALE->MALE,12.0652945351313,200,71,1508,0.355,47.08222811671087
ep_341_whisperx_diarized.gender.host_guest,Karishma Mehta,FEMALE->FEMALE,4.784688995215311,180,41,2234,0.22777777777777777,18.35273052820054
ep_342_whisperx_diarized.gender.host_guest,Karishma Mehta,FEMALE->MALE,9.881422924901186,127,28,1118,0.2204724409448819,25.044722719141323
ep_343_whisperx_diarized.gender.host_guest,Karishma Mehta,FEMALE->FEMALE,8.293838862559243,168,45,1846,0.26785714285714285,24.37703141928494
ep_344_whisperx_diarized.gender.host_guest,Karishma Mehta,FEMALE->FEMALE,6.666666666666667,156,48,1664,0.3076923076923077,28.846153846153847
ep_345_whisperx_diarized.gender.host_guest,Karishma Mehta,FEMALE->MALE,9.316770186335404,319,88,2442,0.27586206896551724,36.03603603603604
ep_346_whisperx_diarized.gender.host_guest,Karishma Mehta,FEMALE->FEMALE,10.624169986719789,185,62,1622,0.33513513513513515,38.224414303329226
ep_347_whisperx_diarized.gender.host_guest,Karishma Mehta,FEMALE->FEMALE,3.171247357293869,396,52,3889,0.13131313131313133,13.371046541527384
ep_348_whisperx_diarized.gender.host_guest,Karishma Mehta,FEMALE->MALE,9.728978457261988,190,62,1525,0.3263157894736842,40.65573770491803
ep_349_whisperx_diarized.gender.host_guest,Karishma Mehta,FEMALE->FEMALE,3.67047308319739,302,63,2629,0.20860927152317882,23.96348421453024
ep_350_whisperx_diarized.gender.host_guest,Karishma Mehta,FEMALE->FEMALE,2.890173410404624,295,70,2869,0.23728813559322035,24.398745207389336
ep_351_whisperx_diarized.gender.host_guest,Karishma Mehta,FEMALE->FEMALE,11.443661971830986,130,38,1180,0.2923076923076923,32.20338983050848
ep_352_whisperx_diarized.gender.host_guest,Karishma Mehta,FEMALE->FEMALE,1.9982871824150727,374,55,3572,0.14705882352941177,15.397536394176932
ep_353_whisperx_diarized.gender.host_guest,Karishma Mehta,FEMALE->FEMALE,9.75609756097561,137,41,1115,0.29927007299270075,36.771300448430495
ep_354_whisperx_diarized.gender.host_guest,Karishma Mehta,FEMALE->FEMALE,3.869303525365434,202,77,2613,0.3811881188118812,29.46804439341753
ep_355_whisperx_diarized.gender.host_guest,Karishma Mehta,FEMALE->FEMALE,5.042864346949067,230,69,2221,0.3,31.067086897793786
ep_356_whisperx_diarized.gender.host_guest,Karishma Mehta,FEMALE->FEMALE,1.9654088050314464,200,53,2740,0.265,19.343065693430656
ep_357_whisperx_diarized.gender.host_guest,Karishma Mehta,FEMALE->FEMALE,9.966777408637872,304,83,2052,0.2730263157894737,40.448343079922026
ep_358_whisperx_diarized.gender.host_guest,Karishma Mehta,FEMALE->FEMALE,3.819709702062644,197,39,1612,0.19796954314720813,24.193548387096776
ep_359_whisperx_diarized.gender.host_guest,Karishma Mehta,FEMALE->FEMALE,5.063291139240507,159,46,1735,0.2893081761006289,26.512968299711815
ep_360_whisperx_diarized.gender.host_guest,Karishma Mehta,FEMALE->FEMALE,5.625879043600563,157,44,1632,0.2802547770700637,26.96078431372549
ep_361_whisperx_diarized.gender.host_guest,Pooja Dhingra,FEMALE->MALE,7.014809041309431,135,46,1597,0.34074074074074073,28.804007514088916
ep_362_whisperx_diarized.gender.host_guest,Pooja Dhingra,FEMALE->MALE,3.298153034300792,148,42,1755,0.28378378378378377,23.931623931623932
ep_363_whisperx_diarized.gender.host_guest,Pooja Dhingra,FEMALE->FEMALE,3.2615786040443573,154,32,1842,0.2077922077922078,17.37242128121607
ep_364_whisperx_diarized.gender.host_guest,Pooja Dhingra,FEMALE->FEMALE,4.303388918773534,175,39,2107,0.22285714285714286,18.509729473184624
ep_365_whisperx_diarized.gender.host_guest,Pooja Dhingra,FEMALE->FEMALE,3.431708991077557,107,24,1651,0.22429906542056074,14.5366444579043
ep_366_whisperx_diarized.gender.host_guest,Pooja Dhingra,FEMALE->MALE,9.72447325769854,187,59,2042,0.3155080213903743,28.89324191968658
ep_367_whisperx_diarized.gender.host_guest,Pooja Dhingra,FEMALE->FEMALE,2.598752598752599,159,34,2210,0.2138364779874214,15.384615384615385
ep_368_whisperx_diarized.gender.host_guest,Pooja Dhingra,FEMALE->MALE,4.841312533620226,189,31,2071,0.164021164021164,14.96861419604056
ep_369_whisperx_diarized.gender.host_guest,,FEMALE->MALE,0.5606166783461808,596,80,7482,0.1342281879194631,10.692328254477413
ep_370_whisperx_diarized.gender.host_guest,,FEMALE->FEMALE,2.201027146001467,158,28,1630,0.17721518987341772,17.177914110429448
ep_371_whisperx_diarized.gender.host_guest,Pooja Dhingra,FEMALE->FEMALE,2.0689655172413794,189,28,1622,0.14814814814814814,17.26263871763255
ep_372_whisperx_diarized.gender.host_guest,Prakhar Gupta,MALE->MALE,6.863417982155114,141,60,1527,0.425531914893617,39.29273084479372
ep_373_whisperx_diarized.gender.host_guest,Prakhar Gupta,MALE->FEMALE,2.039681068051177,735,75,5551,0.10204081632653061,13.511079084849577
ep_374_whisperx_diarized.gender.host_guest,Prakhar Gupta,MALE->FEMALE,2.846182403167925,1245,160,8256,0.1285140562248996,19.37984496124031
ep_375_whisperx_diarized.gender.host_guest,Prakhar Gupta,MALE->MALE,2.170963364993216,425,62,3846,0.14588235294117646,16.120644825793033
ep_376_whisperx_diarized.gender.host_guest,Prakhar Gupta,MALE->MALE,6.504065040650406,202,43,1984,0.21287128712871287,21.673387096774192
ep_377_whisperx_diarized.gender.host_guest,Prakhar Gupta,MALE->MALE,3.102378490175801,321,56,3033,0.17445482866043613,18.46356742499176
ep_378_whisperx_diarized.gender.host_guest,Prakhar Gupta,MALE->MALE,3.0310684516291992,428,109,4242,0.2546728971962617,25.695426685525696
ep_379_whisperx_diarized.gender.host_guest,Prakhar Gupta,MALE->FEMALE,3.435639028859368,710,96,4555,0.1352112676056338,21.075740944017564
ep_380_whisperx_diarized.gender.host_guest,Prakhar Gupta,MALE->MALE,2.409638554216868,290,61,2212,0.2103448275862069,27.576853526220614
ep_381_whisperx_diarized.gender.host_guest,Samdish Bhatia,MALE->MALE,2.2763487366264514,644,150,4640,0.2329192546583851,32.327586206896555
ep_382_whisperx_diarized.gender.host_guest,Prakhar Gupta,MALE->MALE,0.986971969996052,649,49,5272,0.07550077041602465,9.294385432473444
ep_383_whisperx_diarized.gender.host_guest,Prakhar Gupta,MALE->FEMALE,2.3510971786833856,667,101,5221,0.15142428785607195,19.34495307412373
ep_384_whisperx_diarized.gender.host_guest,Prakhar Gupta,MALE->MALE,1.7313875834776156,594,37,4201,0.06228956228956229,8.807426803142109
ep_385_whisperx_diarized.gender.host_guest,Prakhar Gupta,MALE->MALE,1.707733593559405,544,57,4285,0.10477941176470588,13.302217036172696
ep_386_whisperx_diarized.gender.host_guest,Prakhar Gupta,MALE->MALE,1.2773722627737227,607,67,5702,0.11037891268533773,11.750263065591021
ep_387_whisperx_diarized.gender.host_guest,,MALE->MALE,3.5169988276670576,99,8,1133,0.08080808080808081,7.0609002647837595
ep_388_whisperx_diarized.gender.host_guest,Prakhar Gupta,MALE->MALE,1.968503937007874,520,55,4260,0.10576923076923077,12.910798122065728
ep_389_whisperx_diarized.gender.host_guest,Prakhar Gupta,MALE->FEMALE,0.7124198527665638,1381,105,8539,0.07603186097031137,12.296521840964985
ep_390_whisperx_diarized.gender.host_guest,Prakhar Gupta,MALE->MALE,3.223915592028136,514,75,3717,0.14591439688715954,20.177562550443906
ep_391_whisperx_diarized.gender.host_guest,Prakhar Gupta,MALE->MALE,2.1302495435179547,448,60,3551,0.13392857142857142,16.896648831315122
ep_392_whisperx_diarized.gender.host_guest,Prakhar Gupta,MALE->MALE,0.4762552728262348,1686,172,14834,0.10201660735468565,11.594984495078872
ep_393_whisperx_diarized.gender.host_guest,Prakhar Gupta,MALE->MALE,3.8812342324859306,930,145,5411,0.15591397849462366,26.79726483090002
ep_394_whisperx_diarized.gender.host_guest,Prakhar Gupta,MALE->MALE,2.5706940874035986,315,57,3177,0.18095238095238095,17.94145420207743
ep_395_whisperx_diarized.gender.host_guest,Prakhar Gupta,MALE->MALE,3.216726980297547,694,147,5175,0.21181556195965417,28.405797101449274
ep_396_whisperx_diarized.gender.host_guest,Prakhar Gupta,MALE->MALE,2.3837902264600714,242,58,2760,0.2396694214876033,21.014492753623188
ep_397_whisperx_diarized.gender.host_guest,Samdish Bhatia,MALE->MALE,1.2391573729863692,233,44,1846,0.1888412017167382,23.8353196099675
ep_398_whisperx_diarized.gender.host_guest,Samdish Bhatia,MALE->MALE,4.219409282700422,320,94,2040,0.29375,46.07843137254902
ep_399_whisperx_diarized.gender.host_guest,Samdish Bhatia,MALE->MALE,2.772002772002772,313,66,1659,0.2108626198083067,39.78300180831826
ep_400_whisperx_diarized.gender.host_guest,Samdish Bhatia,MALE->MALE,8.911521323997455,223,68,1753,0.30493273542600896,38.7906446092413
ep_401_whisperx_diarized.gender.host_guest,Samdish Bhatia,MALE->MALE,5.663939584644431,294,83,1802,0.282312925170068,46.0599334073252
ep_402_whisperx_diarized.gender.host_guest,Samdish Bhatia,MALE->MALE,13.508832698302736,548,191,3047,0.34854014598540145,62.6846078109616
ep_403_whisperx_diarized.gender.host_guest,Samdish Bhatia,MALE->MALE,4.398826979472141,142,31,856,0.21830985915492956,36.21495327102804
ep_404_whisperx_diarized.gender.host_guest,Samdish Bhatia,MALE->FEMALE,6.523765144454799,362,105,2251,0.2900552486187845,46.645935139937805
ep_405_whisperx_diarized.gender.host_guest,Samdish Bhatia,MALE->FEMALE,6.714413607878245,360,98,2594,0.2722222222222222,37.77949113338473
ep_406_whisperx_diarized.gender.host_guest,Samdish Bhatia,MALE->FEMALE,5.920078934385791,385,90,2253,0.23376623376623376,39.94673768308922
ep_407_whisperx_diarized.gender.host_guest,Samdish Bhatia,MALE->MALE,4.961832061068702,505,117,2787,0.2316831683168317,41.980624327233585
ep_408_whisperx_diarized.gender.host_guest,Samdish Bhatia,MALE->MALE,3.1678986272439285,338,67,2069,0.19822485207100593,32.382793620106334
ep_409_whisperx_diarized.gender.host_guest,Samdish Bhatia,MALE->MALE,2.967359050445104,318,65,2158,0.20440251572327045,30.120481927710845
ep_410_whisperx_diarized.gender.host_guest,Samdish Bhatia,MALE->MALE,2.860645688598284,371,86,2511,0.23180592991913745,34.249303066507366
ep_411_whisperx_diarized.gender.host_guest,Samdish Bhatia,MALE->MALE,4.765909728062798,683,188,3757,0.2752562225475842,50.03992547245142
ep_412_whisperx_diarized.gender.host_guest,Samdish Bhatia,MALE->MALE,3.481156349326472,1178,260,6756,0.22071307300509338,38.484310242747185
ep_413_whisperx_diarized.gender.host_guest,Samdish Bhatia,MALE->FEMALE,5.924170616113743,710,176,4398,0.24788732394366197,40.01819008640291
ep_414_whisperx_diarized.gender.host_guest,Samdish Bhatia,MALE->MALE,11.872146118721462,439,127,2384,0.28929384965831434,53.27181208053691
ep_415_whisperx_diarized.gender.host_guest,Samdish Bhatia,MALE->MALE,9.13884007029877,513,173,2957,0.33723196881091616,58.50524179912073
ep_416_whisperx_diarized.gender.host_guest,Samdish Bhatia,MALE->MALE,5.429250084832033,580,201,3229,0.34655172413793106,62.24837410963146
ep_417_whisperx_diarized.gender.host_guest,Samdish Bhatia,MALE->MALE,3.900808024519365,700,187,3689,0.2671428571428571,50.69124423963134
ep_418_whisperx_diarized.gender.host_guest,Samdish Bhatia,MALE->MALE,8.865248226950355,303,74,1838,0.24422442244224424,40.26115342763874
