metric,H_statistic,p_value,median_MALE->MALE,median_MALE->FEMALE,median_FEMALE->MALE,median_FEMALE->FEMALE,p_fdr,significant
host_speaking_share,50.50470011089055,6.237446121544261e-11,0.21779105149117065,0.2797933614393444,0.1838682005812382,0.1986985472154963,1.0105008589931273e-10,True
dominance_ratio,50.50470011089055,6.237446121544261e-11,0.2784312666291193,0.3884903949212631,0.22529840596873954,0.2479697828139754,1.0105008589931273e-10,True
host_hy_hedge_per_1k,3.263323153080668,0.35278008764507274,5.038240116744554,5.46021840873635,5.042305223305619,4.637979902087091,0.35278008764507274,False
guest_hy_hedge_per_1k,50.4425646585355,6.430460011774446e-11,4.365909038046458,4.860436050548535,8.207000505875744,7.126236183827807,1.0105008589931273e-10,True
host_hy_booster_per_1k,96.56312668318088,8.518415837232255e-21,3.0476889477641333,3.510140405616225,5.275253607260708,5.9760956175298805,9.37025742095548e-20,True
guest_hy_booster_per_1k,74.26550397281092,5.206170965600757e-16,2.4658990207714795,3.4598214285714284,4.697322744781017,6.111111111111112,2.8633940310804162e-15,True
host_ck_factuality_per_1k,12.681010404302873,0.0053797667987246,0.9608549139085076,1.1933174224343677,1.5512849774710558,1.2836970474967906,0.005917743478597059,True
guest_ck_factuality_per_1k,50.75809523345807,5.508443958086476e-11,0.7391087977029445,0.9641873278236917,1.0285391359181504,1.7496421186575473,1.0105008589931273e-10,True
host_ck_deference_per_1k,65.53536595443477,3.853323576601386e-14,0.0,0.2437241043139166,0.0,0.0,1.4128853114205082e-13,True
guest_ck_deference_per_1k,20.245017206850388,0.000151007837492511,0.0,0.0,0.0,0.0,0.000184565134713069,True
host_ck_direct_question_per_1k,34.73751049673644,1.384162445559645e-07,3.329228874865323,5.1498127340823965,6.360849587788895,3.700277520814061,1.9032233626445118e-07,True
