dropped_host,episodes,converged,guest_female,p_guest_female,interaction,p_interaction,host_female,p_host_female
Faye Dsouza,356,True,0.03908317541408031,0.0038325474709703347,-0.005019345981133937,0.8490365838655922,-0.05843861552513355,0.01812259176623953
Karishma Mehta,329,True,0.03916730015190854,0.0046551949327226574,-0.04936541569698793,0.1304694819007537,-0.03165696907776815,0.18559625487579656
Nikhil Kamath,374,True,0.039496331024545216,0.0033825354940216624,-0.017796623674127987,0.435442233774709,-0.052384769578259965,0.012213443337392238
Pooja Dhingra,380,True,0.0393033033784676,0.0031319952892659374,-0.015092508316411587,0.5187277903484376,-0.05704147598152388,0.009468834949910883
Prakhar Gupta,366,True,0.03442471680872809,0.012354446066885098,-0.012722685093092753,0.5778055331432792,-0.05278973567970176,0.011450995288808502
Raj Shamani,240,True,0.040433346663062336,0.011872370875266979,-0.018737371951354338,0.41018802189364056,-0.05990715742274481,0.002445043479238699
Ranveer A,314,False,0.03896123048919897,0.01407717694824367,-0.017667851778976444,0.4567366293839017,-0.042021512223881174,0.5527194241546951
Samdish Bhatia,366,True,0.04242275354158539,0.0021504852423453254,-0.02071725468330004,0.3685665824731751,-0.05252339310670439,0.012959142054397393
Soha Ali Khan,387,True,0.039298385686773935,0.0029263352500613978,-0.014519371065332553,0.5219175561679386,-0.05456084053822678,0.009683416721764348
