metric,rank_diff_female_minus_male,p_perm,rank_diff_male_hosts,rank_diff_female_hosts,host_gender_interaction,p_interaction,n_hosts,n_episodes,diff_Faye Dsouza,diff_Karishma Mehta,diff_Pooja Dhingra,diff_Prakhar Gupta,diff_Raj Shamani,diff_Ranveer A,diff_Samdish Bhatia,diff_Soha Ali Khan,p_fdr,p_interaction_fdr,significant
host_speaking_share,0.1492998134632223,9.999000099990002e-05,0.1685679849785259,0.11233748379747827,0.05623050118104764,0.41955804419558046,8,374,0.0413533834586467,0.2176339285714285,-0.2,0.30000000000000016,0.16826923076923073,0.16640502354788073,0.02631578947368418,-0.5,0.000333300003333,0.9332066793320667,True
host_hy_hedge_per_1k,0.013255601508121941,0.6898310168983102,0.02806928188040995,-0.015161632428610716,0.043230914309020665,0.5464453554644536,8,374,-0.10902255639097741,0.034598214285714246,0.10000000000000009,0.111111111111111,0.07478632478632491,-0.0675039246467819,0.06578947368421051,-0.5,0.8622887711228877,0.9332066793320667,False
guest_hy_hedge_per_1k,0.05481803329554182,0.100989901009899,0.10582542710061195,-0.043029969755292795,0.14885539685590474,0.035896410358964105,8,374,0.015037593984962516,-0.0357142857142857,-0.20000000000000007,0.06666666666666665,0.07932692307692307,0.12087912087912084,0.27631578947368424,-0.5,0.168316501683165,0.17948205179482052,False
host_hy_booster_per_1k,0.0852624683976648,0.0117988201179882,0.093252048511891,0.06993597549000355,0.023316073021887457,0.7499250074992501,8,374,0.06390977443609008,0.06919642857142866,0.0,0.2777777777777777,0.06477029914529903,0.06750392464678179,0.22368421052631587,0.5,0.0235976402359764,0.9332066793320667,True
guest_hy_booster_per_1k,0.15351887832485228,9.999000099990002e-05,0.15148025371451507,0.15742959267842416,-0.00594933896390909,0.9332066793320668,8,374,0.10526315789473689,0.15290178571428575,0.3,0.24444444444444435,0.12980769230769235,0.17111459968602832,0.10526315789473684,0.5,0.000333300003333,0.9332066793320667,True
host_ck_factuality_per_1k,-0.0005557806944000737,0.9871012898710129,0.0015040875596476588,-0.004507246946070147,0.006011334505717806,0.9299070092990701,8,374,-0.011278195488721776,0.00390625,0.07499999999999996,0.09999999999999998,-0.02684294871794879,0.008241758241758212,0.06578947368421051,-0.5,0.9871012898710129,0.9332066793320667,False
guest_ck_factuality_per_1k,0.13097732487912084,9.999000099990002e-05,0.12006480881502096,0.15191091558977174,-0.031846106774750776,0.6605339466053395,8,374,-0.015037593984962516,0.2008928571428571,0.3499999999999999,0.10000000000000009,0.13635149572649563,0.08555729984301413,0.19736842105263153,0.5,0.000333300003333,0.9332066793320667,True
host_ck_deference_per_1k,0.06722353210266525,0.0110988901109889,0.09153221812179835,0.020591932126163656,0.07094028599563469,0.1282871712828717,8,374,0.0357142857142857,0.016183035714285754,0.0,0.26666666666666666,0.11805555555555564,0.05023547880690721,-0.10526315789473678,0.0,0.0235976402359764,0.42762390427623903,True
guest_ck_deference_per_1k,0.0036205609298381037,0.9044095590440956,-0.002815461682559013,0.015966848658627655,-0.018782310341186666,0.724027597240276,8,374,-0.033834586466165495,0.045758928571428714,0.0,0.1444444444444445,-0.030582264957264904,0.0447409733124019,-0.21052631578947367,0.0,0.9871012898710129,0.9332066793320667,False
host_ck_direct_question_per_1k,0.02528429295141937,0.45835416458354167,0.14524583404577235,-0.20483915314819912,0.35008498719397146,9.999000099990002e-05,8,374,-0.19172932330827075,-0.2064732142857143,-0.3999999999999999,-0.04444444444444451,0.13835470085470086,0.18131868131868129,0.23684210526315785,0.5,0.6547916636907738,0.000999900009999,False
