episode_id,dyad,host_gender,guest_gender,host_word_count,guest_word_count,total_words,host_speaking_share,guest_speaking_share,dominance_ratio,host_hedge_count,guest_hedge_count,host_hedge_per_1k,guest_hedge_per_1k,host_booster_count,guest_booster_count,host_booster_per_1k,guest_booster_per_1k,host_polite_count,guest_polite_count,host_polite_per_1k,guest_polite_per_1k,host_directive_count,guest_directive_count,host_directive_per_1k,guest_directive_per_1k,hedge_asymmetry,booster_asymmetry,polite_asymmetry,directive_asymmetry
ep_248_whisperx_diarized.gender.host_guest,MALE->MALE,male,male,2737,7903,10640,0.2572368421052631,0.7427631578947368,0.3463241806908769,19,104,6.941907197661673,13.15955966088827,1,19,0.3653635367190354,2.40415032266228,2,1,0.7307270734380709,0.126534227508541,3,3,1.0960906101571064,0.3796026825256232,-6.217652463226597,-2.0387867859432447,0.6041928459295298,0.7164879276314833
ep_049_whisperx_diarized.gender.host_guest,MALE->MALE,male,male,912,10913,11825,0.0771247357293869,0.9228752642706132,0.0835700540639604,7,50,7.675438596491228,4.5816915605241455,2,11,2.1929824561403506,1.0079721433153122,3,29,3.289473684210526,2.6573811051040046,1,8,1.0964912280701753,0.7330706496838633,3.0937470359670822,1.1850103128250384,0.6320925791065215,0.36342057838631203
ep_270_whisperx_diarized.gender.host_guest,MALE->FEMALE,male,female,3449,9434,12883,0.2677171466273383,0.7322828533726616,0.3655925376298495,7,20,2.029573789504204,2.11999152003392,2,3,0.5798782255726297,0.3179987280050879,7,1,2.029573789504204,0.1059995760016959,2,3,0.5798782255726297,0.3179987280050879,-0.09041773052971624,0.2618794975675418,1.923574213502508,0.2618794975675418
ep_198_whisperx_diarized.gender.host_guest,MALE->FEMALE,male,female,1945,9044,10989,0.176995176995177,0.823004823004823,0.2150597080937638,5,22,2.5706940874035986,2.432551968155684,1,7,0.5141388174807198,0.7739938080495357,3,2,1.5424164524421595,0.221141088014153,0,17,0.0,1.8796992481203008,0.13814211924791442,-0.2598549905688159,1.3212753644280064,-1.8796992481203008
ep_079_whisperx_diarized.gender.host_guest,MALE->MALE,male,male,3468,12673,16141,0.2148565764202961,0.7851434235797039,0.2736526473605302,33,18,9.515570934256056,1.420342460348773,3,7,0.8650519031141869,0.5523554012467451,10,5,2.883506343713956,0.3945395723191036,5,23,1.441753171856978,1.8148820326678765,8.095228473907284,0.3126965018674418,2.4889667713948525,-0.37312886081089847
ep_123_whisperx_diarized.gender.host_guest,FEMALE->MALE,female,male,1693,5610,7303,0.2318225386827331,0.7681774613172668,0.3017825311942959,17,51,10.04134672179563,9.09090909090909,0,3,0.0,0.5347593582887701,3,6,1.772002362669817,1.0695187165775402,2,4,1.1813349084465443,0.7130124777183601,0.9504376308865403,-0.5347593582887701,0.7024836460922768,0.46832243072818425
ep_019_whisperx_diarized.gender.host_guest,MALE->MALE,male,male,2147,5987,8134,0.2639537742807966,0.7360462257192033,0.3586103223651244,30,77,13.972985561248253,12.861199265074328,1,19,0.4657661853749418,3.1735426757975613,4,7,1.8630647414997672,1.1691999331885754,1,4,0.4657661853749418,0.6681142475363288,1.1117862961739249,-2.7077764904226194,0.6938648083111918,-0.20234806216138695
ep_316_whisperx_diarized.gender.host_guest,FEMALE->FEMALE,female,female,1760,6072,7832,0.2247191011235955,0.7752808988764045,0.2898550724637681,18,53,10.227272727272728,8.72859025032938,4,12,2.2727272727272725,1.976284584980237,7,5,3.977272727272727,0.8234519104084321,1,14,0.5681818181818181,2.30566534914361,1.4986824769433476,0.2964426877470354,3.153820816864295,-1.7374835309617918
ep_309_whisperx_diarized.gender.host_guest,FEMALE->MALE,female,male,841,7103,7944,0.1058660624370594,0.8941339375629406,0.118400675770801,4,90,4.756242568370986,12.670702520061946,0,1,0.0,0.1407855835562438,2,6,2.378121284185493,0.844713501337463,0,8,0.0,1.1262846684499508,-7.91445995169096,-0.1407855835562438,1.53340778284803,-1.1262846684499508
ep_213_whisperx_diarized.gender.host_guest,MALE->MALE,male,male,4533,9721,14254,0.3180159955100323,0.6819840044899678,0.4663100504063368,10,35,2.2060445621001543,3.6004526283304186,4,4,0.8824178248400617,0.4114803003806193,8,2,1.7648356496801234,0.2057401501903096,6,9,1.3236267372600927,0.9258306758563934,-1.3944080662302643,0.4709375244594424,1.5590954994898139,0.3977960614036993
ep_011_whisperx_diarized.gender.host_guest,FEMALE->FEMALE,female,female,1677,7839,9516,0.1762295081967213,0.8237704918032787,0.2139303482587064,10,43,5.963029218843173,5.485393545095038,8,23,4.770423375074538,2.934047710167113,6,5,3.577817531305904,0.6378364587319811,1,10,0.5963029218843172,1.2756729174639625,0.47763567374813487,1.8363756649074245,2.9399810725739233,-0.6793699955796453
ep_016_whisperx_diarized.gender.host_guest,MALE->FEMALE,male,female,2185,8850,11035,0.1980063434526506,0.8019936565473493,0.2468926553672316,9,25,4.118993135011442,2.824858757062147,0,2,0.0,0.2259887005649717,3,4,1.3729977116704806,0.4519774011299435,2,5,0.9153318077803204,0.5649717514124294,1.2941343779492946,-0.2259887005649717,0.921020310540537,0.350360056367891
ep_145_whisperx_diarized.gender.host_guest,FEMALE->FEMALE,female,female,2346,7674,10020,0.2341317365269461,0.7658682634730539,0.3057075840500391,19,51,8.098891730605285,6.645817044566067,3,10,1.278772378516624,1.303101381287464,4,5,1.7050298380221651,0.6515506906437321,6,15,2.557544757033248,1.954652071931196,1.4530746860392174,-0.024329002770839825,1.053479147378433,0.6028926851020522
ep_042_whisperx_diarized.gender.host_guest,MALE->FEMALE,male,female,8450,12602,21052,0.4013870416112483,0.5986129583887516,0.6705284875416601,99,144,11.715976331360949,11.42675765751468,8,17,0.9467455621301776,1.348992223456594,7,8,0.8284023668639053,0.6348198698619266,14,16,1.656804733727811,1.2696397397238532,0.2892186738462694,-0.4022466613264165,0.19358249700197872,0.38716499400395765
ep_132_whisperx_diarized.gender.host_guest,FEMALE->MALE,female,male,1585,6480,8065,0.1965282083075015,0.8034717916924985,0.2445987654320987,7,51,4.416403785488959,7.870370370370369,0,4,0.0,0.6172839506172839,1,7,0.6309148264984228,1.0802469135802468,6,5,3.785488958990536,0.7716049382716049,-3.4539665848814103,-0.6172839506172839,-0.44933208708182404,3.013884020718931
ep_318_whisperx_diarized.gender.host_guest,FEMALE->MALE,female,male,1234,5687,6921,0.1782979338245918,0.8217020661754082,0.2169861086688939,4,123,3.2414910858995136,21.628275013187974,3,1,2.431118314424636,0.1758396342535607,5,3,4.051863857374392,0.5275189027606823,1,14,0.8103727714748784,2.4617548795498507,-18.38678392728846,2.2552786801710756,3.5243449546137096,-1.6513821080749724
ep_287_whisperx_diarized.gender.host_guest,MALE->MALE,male,male,2663,10171,12834,0.2074957145083372,0.7925042854916627,0.2618228296136073,12,63,4.50619601952685,6.194081211286993,0,4,0.0,0.3932749975420312,6,7,2.253098009763425,0.6882312456985547,2,5,0.7510326699211416,0.491593746927539,-1.6878851917601434,-0.3932749975420312,1.5648667640648701,0.2594389229936026
ep_057_whisperx_diarized.gender.host_guest,MALE->FEMALE,male,female,3405,9899,13304,0.2559380637402285,0.7440619362597715,0.3439741388018992,21,35,6.167400881057269,3.535710677846247,6,14,1.762114537444934,1.4142842711384989,16,6,4.698972099853157,0.606121830487928,3,6,0.881057268722467,0.606121830487928,2.6316902032110217,0.3478302663064352,4.092850269365229,0.27493543823453903
ep_114_whisperx_diarized.gender.host_guest,FEMALE->MALE,female,male,1301,5444,6745,0.1928836174944403,0.8071163825055597,0.2389786921381337,6,75,4.611837048424289,13.776634827332844,1,17,0.7686395080707148,3.1227038941954444,1,6,0.7686395080707148,1.1021307861866274,4,15,3.074558032282859,2.755326965466569,-9.164797778908554,-2.3540643861247297,-0.3334912781159126,0.3192310668162901
ep_217_whisperx_diarized.gender.host_guest,MALE->MALE,male,male,2283,7214,9497,0.2403917026429398,0.7596082973570601,0.3164679789298586,8,25,3.504161191414805,3.4654837815359025,1,6,0.4380201489268506,0.8317161075686166,2,7,0.8760402978537013,0.9703354588300528,0,2,0.0,0.2772387025228722,0.03867740987890267,-0.393695958641766,-0.09429516097635149,-0.2772387025228722
ep_100_whisperx_diarized.gender.host_guest,MALE->MALE,male,male,3317,8796,12113,0.2738380252621151,0.7261619747378849,0.3771032287403365,31,80,9.345794392523365,9.095043201455209,3,8,0.9044317154054868,0.9095043201455206,14,6,4.220681338558939,0.6821282401091405,7,10,2.110340669279469,1.1368804001819008,0.25075119106815613,-0.005072604740033793,3.5385530984497984,0.9734602690975682
ep_154_whisperx_diarized.gender.host_guest,MALE->MALE,male,male,2284,19398,21682,0.1053408357162623,0.8946591642837377,0.1177440973296216,3,25,1.3134851138353765,1.2887926590370142,0,14,0.0,0.7217238890607279,4,0,1.7513134851138354,0.0,0,15,0.0,0.7732755954222085,0.02469245479836224,-0.7217238890607279,1.7513134851138354,-0.7732755954222085
ep_048_whisperx_diarized.gender.host_guest,MALE->MALE,male,male,2876,15776,18652,0.1541925798841947,0.8458074201158052,0.1823022312373225,8,15,2.7816411682892905,0.9508113590263692,1,1,0.3477051460361613,0.0633874239350912,9,2,3.129346314325452,0.1267748478701825,2,2,0.6954102920723226,0.1267748478701825,1.8308298092629214,0.2843177221010701,3.002571466455269,0.5686354442021402
ep_327_whisperx_diarized.gender.host_guest,FEMALE->FEMALE,female,female,1402,5088,6490,0.2160246533127889,0.7839753466872111,0.2755503144654088,4,71,2.8530670470756063,13.95440251572327,5,7,3.566333808844508,1.3757861635220126,0,3,0.0,0.5896226415094339,1,14,0.7132667617689016,2.751572327044025,-11.101335468647664,2.1905476453224955,-0.5896226415094339,-2.0383055652751234
ep_335_whisperx_diarized.gender.host_guest,FEMALE->FEMALE,female,female,2281,6370,8651,0.2636689400069356,0.7363310599930644,0.3580847723704866,19,136,8.329679964927664,21.35007849293564,3,5,1.31521262604121,0.7849293563579278,7,8,3.068829460762823,1.2558869701726845,4,30,1.7536168347216134,4.709576138147567,-13.020398528007977,0.5302832696832822,1.8129424905901386,-2.9559593034259537
ep_344_whisperx_diarized.gender.host_guest,FEMALE->FEMALE,female,female,1663,5920,7583,0.219306343135962,0.780693656864038,0.2809121621621621,5,42,3.006614552014432,7.094594594594595,1,7,0.6013229104028863,1.1824324324324325,6,1,3.6079374624173184,0.1689189189189189,0,0,0.0,0.0,-4.087980042580163,-0.5811095220295461,3.4390185434983995,0.0
ep_138_whisperx_diarized.gender.host_guest,FEMALE->MALE,female,male,2386,9467,11853,0.20129924913524,0.79870075086476,0.2520333791063694,8,25,3.352891869237217,2.6407520861941483,4,12,1.6764459346186085,1.267561001373191,2,3,0.8382229673093042,0.3168902503432977,8,19,3.352891869237217,2.0069715855075523,0.7121397830430687,0.4088849332454174,0.5213327169660065,1.3459202837296647
ep_055_whisperx_diarized.gender.host_guest,MALE->FEMALE,male,female,4866,17333,22199,0.2191990630208568,0.7808009369791432,0.2807361680032308,48,140,9.864364981504316,8.07707840535395,5,7,1.0275380189066994,0.4038539202676974,14,3,2.877106452938759,0.1730802515432989,4,14,0.8220304151253596,0.8077078405353949,1.7872865761503665,0.623684098639002,2.70402620139546,0.014322574589964665
ep_093_whisperx_diarized.gender.host_guest,MALE->FEMALE,male,female,7472,14532,22004,0.3395746227958553,0.6604253772041447,0.5141756124415084,60,88,8.029978586723768,6.055601431323975,3,1,0.4014989293361884,0.0688136526286815,19,35,2.542826552462527,2.4084778420038533,12,12,1.6059957173447537,0.8257638315441783,1.974377155399793,0.3326852767075069,0.1343487104586738,0.7802318858005753
ep_253_whisperx_diarized.gender.host_guest,MALE->MALE,male,male,3802,14709,18511,0.205391388903895,0.794608611096105,0.2584812019851791,14,151,3.682272488164124,10.265823645387178,5,19,1.3150973172014728,1.2917261540553402,10,2,2.6301946344029457,0.1359711741110884,3,4,0.7890583903208838,0.2719423482221769,-6.583551157223054,0.023371163146132634,2.4942234602918574,0.5171160420987069
ep_027_whisperx_diarized.gender.host_guest,MALE->MALE,male,male,2974,10704,13678,0.2174294487498172,0.7825705512501828,0.2778400597907324,11,29,3.698722259583053,2.709267563527653,11,13,3.698722259583053,1.2144992526158445,3,8,1.008742434431742,0.7473841554559043,11,10,3.698722259583053,0.9342301943198804,0.9894546960553998,2.484223006967208,0.26135827897583763,2.7644920652631724
ep_142_whisperx_diarized.gender.host_guest,FEMALE->MALE,female,male,3375,9101,12476,0.270519397242706,0.729480602757294,0.3708383694099549,18,135,5.333333333333333,14.833534776398198,1,6,0.2962962962962963,0.6592682122843643,2,12,0.5925925925925926,1.3185364245687283,5,26,1.4814814814814814,2.8568289198989123,-9.500201443064864,-0.362971915988068,-0.7259438319761358,-1.375347438417431
ep_149_whisperx_diarized.gender.host_guest,FEMALE->FEMALE,female,female,2563,7645,10208,0.2510775862068966,0.7489224137931034,0.335251798561151,25,124,9.754194303550529,16.219751471550033,2,9,0.7803355442840422,1.1772400261608893,1,9,0.3901677721420211,1.1772400261608893,7,7,2.731174404994148,0.9156311314584696,-6.4655571679995045,-0.3969044818768471,-0.7870722540188682,1.8155432735356785
ep_312_whisperx_diarized.gender.host_guest,FEMALE->MALE,female,male,1363,5673,7036,0.1937180216031836,0.8062819783968164,0.2402608848933544,9,29,6.603081438004402,5.111933721135202,1,44,0.7336757153338225,7.756037369998237,3,2,2.201027146001467,0.352547153181738,5,0,3.668378576669112,0.0,1.4911477168692002,-7.022361654664414,1.8484799928197293,3.668378576669112
ep_062_whisperx_diarized.gender.host_guest,MALE->MALE,male,male,1928,10221,12149,0.1586961889867479,0.8413038110132521,0.1886312493885138,16,45,8.298755186721992,4.402700322864691,5,3,2.5933609958506225,0.293513354857646,1,0,0.5186721991701245,0.0,2,3,1.037344398340249,0.293513354857646,3.8960548638573016,2.2998476409929767,0.5186721991701245,0.743831043482603
ep_131_whisperx_diarized.gender.host_guest,FEMALE->FEMALE,female,female,1813,5771,7584,0.2390559071729957,0.7609440928270043,0.3141569918558309,9,59,4.964147821290678,10.223531450355225,2,3,1.1031439602868176,0.5198405822214521,6,1,3.309431880860452,0.1732801940738173,4,9,2.206287920573635,1.5595217466643565,-5.259383629064547,0.5833033780653655,3.136151686786635,0.6467661739092787
ep_009_whisperx_diarized.gender.host_guest,MALE->FEMALE,male,female,2628,6603,9231,0.2846928826779331,0.715307117322067,0.3980009086778737,30,41,11.415525114155251,6.209298803574133,3,4,1.141552511415525,0.6057852491291837,5,22,1.9025875190258752,3.3318188702105105,6,6,2.28310502283105,0.9086778736937756,5.206226310581118,0.5357672622863412,-1.4292313511846353,1.3744271491372744
ep_127_whisperx_diarized.gender.host_guest,FEMALE->FEMALE,female,female,1067,10435,11502,0.0927664753955833,0.9072335246044166,0.102252036415908,5,41,4.686035613870665,3.9290848107331096,1,2,0.9372071227741332,0.191662673694298,5,2,4.686035613870665,0.191662673694298,0,9,0.0,0.8624820316243412,0.7569508031375554,0.7455444490798352,4.494372940176367,-0.8624820316243412
ep_303_whisperx_diarized.gender.host_guest,FEMALE->FEMALE,female,female,1447,4415,5862,0.2468440805185943,0.7531559194814057,0.3277463193657984,10,146,6.910850034554251,33.069082672706685,7,13,4.837595024187976,2.944507361268403,6,3,4.14651002073255,0.6795016987542468,0,3,0.0,0.6795016987542468,-26.158232638152434,1.8930876629195734,3.4670083219783034,-0.6795016987542468
ep_300_whisperx_diarized.gender.host_guest,FEMALE->FEMALE,female,female,1343,5549,6892,0.1948636099825885,0.8051363900174114,0.2420255901964318,6,22,4.467609828741623,3.964678320418093,3,1,2.233804914370812,0.1802126509280951,8,6,5.956813104988831,1.081275905568571,0,10,0.0,1.8021265092809515,0.5029315083235302,2.053592263442717,4.87553719942026,-1.8021265092809515
ep_061_whisperx_diarized.gender.host_guest,MALE->FEMALE,male,female,5348,16501,21849,0.2447709277312462,0.7552290722687537,0.3241015696018423,42,34,7.853403141361256,2.0604811829586085,4,7,0.7479431563201197,0.424216714138537,15,4,2.804786836200449,0.2424095509363069,7,12,1.3089005235602096,0.7272286528089207,5.792921958402648,0.32372644218158264,2.5623772852641418,0.5816718707512889
ep_134_whisperx_diarized.gender.host_guest,FEMALE->MALE,female,male,1701,10140,11841,0.1436534076513808,0.8563465923486192,0.1677514792899408,12,69,7.054673721340388,6.804733727810651,1,3,0.5878894767783657,0.2958579881656805,4,9,2.3515579071134627,0.8875739644970414,2,7,1.1757789535567311,0.6903353057199211,0.24993999352973706,0.2920314886126852,1.4639839426164212,0.48544364783681004
ep_199_whisperx_diarized.gender.host_guest,MALE->FEMALE,male,female,5309,9057,14366,0.3695531115132953,0.6304468884867047,0.5861764381141659,32,35,6.027500470898475,3.864414265209231,21,8,3.955547184027124,0.8832946891906812,8,0,1.506875117724619,0.0,4,9,0.7534375588623093,0.9937065253395164,2.1630862056892437,3.0722524948364427,1.506875117724619,-0.24026896647720708
ep_017_whisperx_diarized.gender.host_guest,MALE->FEMALE,male,female,7907,14090,21997,0.3594581079238078,0.6405418920761922,0.5611781405251952,80,263,10.117617301125586,18.665720369056068,10,25,1.2647021626406982,1.7743080198722496,28,19,3.541166055393955,1.3484740951029095,11,24,1.391172378904768,1.7033356990773598,-8.548103067930482,-0.5096058572315514,2.1926919602910453,-0.31216332017259174
ep_034_whisperx_diarized.gender.host_guest,MALE->MALE,male,male,1383,6715,8098,0.1707829093603358,0.8292170906396641,0.2059568131049888,3,13,2.169197396963124,1.9359642591213704,0,0,0.0,0.0,8,3,5.784526391901663,0.4467609828741623,1,10,0.7230657989877078,1.4892032762472078,0.2332331378417538,0.0,5.337765409027501,-0.7661374772595
ep_039_whisperx_diarized.gender.host_guest,MALE->MALE,male,male,10249,16680,26929,0.3805934123064354,0.6194065876935646,0.6144484412470024,94,114,9.171626500146356,6.834532374100719,17,44,1.6586984096009365,2.6378896882494005,2,5,0.195140989364816,0.2997601918465227,14,19,1.3659869255537125,1.1390887290167866,2.3370941260456375,-0.979191278648464,-0.1046192024817067,0.2268981965369259
ep_279_whisperx_diarized.gender.host_guest,MALE->MALE,male,male,2465,1290,3755,0.6564580559254327,0.3435419440745672,1.9108527131782944,11,7,4.462474645030426,5.426356589147287,1,1,0.4056795131845842,0.7751937984496124,2,0,0.8113590263691683,0.0,3,0,1.2170385395537524,0.0,-0.9638819441168609,-0.3695142852650283,0.8113590263691683,1.2170385395537524
ep_218_whisperx_diarized.gender.host_guest,MALE->MALE,male,male,2462,7496,9958,0.2472384012853986,0.7527615987146014,0.3284418356456777,4,11,1.6246953696181965,1.4674493062966916,0,3,0.0,0.400213447171825,3,2,1.2185215272136476,0.2668089647812167,1,0,0.4061738424045491,0.0,0.15724606332150493,-0.400213447171825,0.951712562432431,0.4061738424045491
ep_346_whisperx_diarized.gender.host_guest,FEMALE->FEMALE,female,female,1624,4268,5892,0.2756279701289885,0.7243720298710116,0.380506091846298,10,51,6.157635467980296,11.949390815370196,4,5,2.4630541871921183,1.1715089034676662,11,1,6.773399014778326,0.2343017806935332,4,10,2.4630541871921183,2.3430178069353325,-5.791755347389899,1.291545283724452,6.539097234084792,0.12003638025678587
ep_299_whisperx_diarized.gender.host_guest,FEMALE->MALE,female,male,3068,14613,17681,0.1735195973078445,0.8264804026921554,0.2099500444809416,25,134,8.148631029986962,9.169917197016357,8,9,2.607561929595828,0.6158899609936358,4,12,1.303780964797914,0.821186614658181,1,12,0.3259452411994785,0.821186614658181,-1.0212861670293947,1.991671968602192,0.48259435013973295,-0.4952413734587025
ep_121_whisperx_diarized.gender.host_guest,FEMALE->MALE,female,male,2820,8263,11083,0.2544437426689525,0.7455562573310476,0.3412804066319738,20,89,7.092198581560283,10.770906450441728,2,6,0.7092198581560284,0.7261285247488806,3,6,1.0638297872340423,0.7261285247488806,8,4,2.8368794326241136,0.4840856831659204,-3.678707868881445,-0.016908666592852173,0.33770126248516175,2.3527937494581934
ep_013_whisperx_diarized.gender.host_guest,FEMALE->FEMALE,female,female,1738,6579,8317,0.20896958037754,0.79103041962246,0.2641738866089071,14,50,8.05523590333717,7.5999392004863955,5,6,2.8768699654775607,0.9119927040583676,5,2,2.8768699654775607,0.3039975680194558,1,4,0.5753739930955121,0.6079951360389116,0.4552967028507746,1.964877261419193,2.572872397458105,-0.03262114294339957
ep_315_whisperx_diarized.gender.host_guest,FEMALE->MALE,female,male,1429,5803,7232,0.1975940265486725,0.8024059734513275,0.2462519386524211,12,74,8.397480755773268,12.75202481475099,3,6,2.099370188943317,1.033947957952783,3,3,2.099370188943317,0.5169739789763915,2,14,1.3995801259622112,2.41254523522316,-4.354544058977723,1.065422230990534,1.5823962099669253,-1.0129651092609486
ep_103_whisperx_diarized.gender.host_guest,MALE->MALE,male,male,5375,5859,11234,0.478458251735802,0.521541748264198,0.9173920464243044,60,45,11.16279069767442,7.680491551459293,3,9,0.5581395348837209,1.5360983102918586,11,10,2.046511627906977,1.7067759003242873,8,2,1.4883720930232558,0.3413551800648575,3.4822991462151274,-0.9779587754081377,0.33973572758268955,1.1470169129583982
ep_088_whisperx_diarized.gender.host_guest,MALE->FEMALE,male,female,3899,3145,7044,0.5535207268597387,0.4464792731402612,1.239745627980922,30,107,7.694280584765324,34.02225755166931,11,3,2.821236214413952,0.9538950715421304,7,1,1.7953321364452424,0.3179650238473768,10,14,2.5647601949217744,4.451510333863276,-26.32797696690399,1.8673411428718214,1.4773671125978656,-1.886750138941502
ep_052_whisperx_diarized.gender.host_guest,MALE->FEMALE,male,female,1990,6405,8395,0.2370458606313281,0.7629541393686718,0.3106947697111631,8,15,4.020100502512563,2.34192037470726,3,3,1.507537688442211,0.468384074941452,0,1,0.0,0.156128024980484,0,3,0.0,0.468384074941452,1.6781801278053035,1.0391536135007589,-0.156128024980484,-0.468384074941452
ep_148_whisperx_diarized.gender.host_guest,FEMALE->FEMALE,female,female,1853,7412,9265,0.2,0.8,0.25,11,86,5.936319481921209,11.602806260118728,5,5,2.698327037236913,0.6745817593092283,3,5,1.618996222342148,0.6745817593092283,5,13,2.698327037236913,1.7539125742039934,-5.666486778197519,2.0237452779276848,0.9444144630329196,0.9444144630329196
ep_223_whisperx_diarized.gender.host_guest,MALE->FEMALE,male,female,3257,6192,9449,0.3446925600592655,0.6553074399407345,0.526001291989664,15,28,4.60546515198035,4.521963824289405,3,19,0.92109303039607,3.0684754521963824,4,0,1.228124040528093,0.0,3,14,0.92109303039607,2.2609819121447026,0.08350132769094465,-2.1473824218003124,1.228124040528093,-1.3398888817486325
ep_200_whisperx_diarized.gender.host_guest,MALE->MALE,male,male,4255,9342,13597,0.3129366772082076,0.6870633227917923,0.4554699207878399,15,29,3.5252643948296125,3.104260329693856,2,12,0.4700352526439483,1.2845215157353884,6,3,1.410105757931845,0.3211303789338471,1,6,0.2350176263219741,0.6422607578676942,0.4210040651357567,-0.8144862630914401,1.088975378997998,-0.4072431315457201
ep_137_whisperx_diarized.gender.host_guest,FEMALE->FEMALE,female,female,1704,9994,11698,0.1456659257992819,0.854334074200718,0.1705023013808285,7,38,4.107981220657277,3.802281368821293,1,26,0.5868544600938967,2.601560936561937,11,1,6.455399061032864,0.1000600360216129,5,11,2.9342723004694835,1.1006603962377428,0.30569985183598414,-2.0147064764680405,6.355339025011251,1.8336119042317407
ep_317_whisperx_diarized.gender.host_guest,FEMALE->MALE,female,male,1106,5065,6171,0.1792254091719332,0.8207745908280668,0.2183613030602171,1,16,0.9041591320072332,3.1589338598223096,1,4,0.9041591320072332,0.7897334649555774,6,4,5.424954792043399,0.7897334649555774,1,1,0.9041591320072332,0.1974333662388943,-2.2547747278150765,0.1144256670516558,4.635221327087822,0.7067257657683389
ep_120_whisperx_diarized.gender.host_guest,FEMALE->MALE,female,male,1972,9653,11625,0.1696344086021505,0.8303655913978495,0.2042888221278359,10,148,5.070993914807302,15.332021133326428,0,10,0.0,1.0359473738734073,5,10,2.535496957403651,1.0359473738734073,3,17,1.5212981744421907,1.7611105355847922,-10.261027218519125,-1.0359473738734073,1.499549583530244,-0.23981236114260152
ep_126_whisperx_diarized.gender.host_guest,FEMALE->FEMALE,female,female,2786,10814,13600,0.2048529411764706,0.7951470588235294,0.2576289994451636,22,83,7.896625987078248,7.675235805437397,1,7,0.3589375448671931,0.6473090438320696,8,14,2.871500358937545,1.294618087664139,4,21,1.4357501794687726,1.9419271314962083,0.22139018164085122,-0.28837149896487646,1.576882271273406,-0.5061769520274357
ep_228_whisperx_diarized.gender.host_guest,FEMALE->FEMALE,female,female,1205,5594,6799,0.1772319458743932,0.8227680541256067,0.2154093671791205,6,62,4.979253112033195,11.083303539506614,4,0,3.3195020746887964,0.0,1,7,0.8298755186721991,1.2513407222023596,1,21,0.8298755186721991,3.754022166607079,-6.104050427473419,3.3195020746887964,-0.4214652035301605,-2.9241466479348803
ep_351_whisperx_diarized.gender.host_guest,FEMALE->FEMALE,female,female,1176,14336,15512,0.075812274368231,0.924187725631769,0.08203125,4,7,3.401360544217687,0.48828125,1,4,0.8503401360544217,0.2790178571428571,11,8,9.35374149659864,0.5580357142857143,0,10,0.0,0.6975446428571429,2.913079294217687,0.5713222789115646,8.795705782312927,-0.6975446428571429
ep_350_whisperx_diarized.gender.host_guest,FEMALE->FEMALE,female,female,2868,8635,11503,0.2493262627140746,0.7506737372859255,0.3321366531557614,17,85,5.927475592747559,9.843659525188189,4,3,1.3947001394700138,0.347423277359583,4,4,1.3947001394700138,0.4632310364794441,2,18,0.6973500697350069,2.0845396641574983,-3.91618393244063,1.0472768621104307,0.9314691029905697,-1.3871895944224915
ep_236_whisperx_diarized.gender.host_guest,MALE->MALE,male,male,2390,11053,13443,0.1777876961987651,0.8222123038012349,0.2162308875418438,3,17,1.2552301255230125,1.538043969962906,3,4,1.2552301255230125,0.3618926988148014,9,7,3.7656903765690375,0.6333122229259025,4,7,1.6736401673640169,0.6333122229259025,-0.28281384443989355,0.893337426708211,3.1323781536431348,1.0403279444381144
ep_085_whisperx_diarized.gender.host_guest,MALE->MALE,male,male,4337,8139,12476,0.3476274446938121,0.6523725553061879,0.5328664455092763,40,145,9.222965183306432,17.815456444280624,4,8,0.9222965183306432,0.982921734856862,5,10,1.152870647913304,1.2286521685710774,4,26,0.9222965183306432,3.1944956382848018,-8.592491260974192,-0.06062521652621877,-0.07578152065777344,-2.2721991199541587
ep_015_whisperx_diarized.gender.host_guest,FEMALE->FEMALE,female,female,2081,10323,12404,0.1677684617865204,0.8322315382134795,0.2015886854596532,19,82,9.13022585295531,7.943427298266008,1,5,0.4805382027871216,0.4843553230650005,6,8,2.883229216722729,0.7749685169040007,2,16,0.9610764055742432,1.5499370338080014,1.1867985546893012,-0.0038171202778788937,2.1082606998187283,-0.5888606282337582
ep_157_whisperx_diarized.gender.host_guest,FEMALE->MALE,female,male,1723,15713,17436,0.0988185363615508,0.9011814636384492,0.1096544262712403,14,161,8.12536273940801,10.246292878508244,2,33,1.1607661056297156,2.10017183224082,4,0,2.321532211259431,0.0,3,58,1.7411491584445735,3.6912110990899256,-2.120930139100235,-0.9394057266111042,2.321532211259431,-1.950061940645352
ep_334_whisperx_diarized.gender.host_guest,FEMALE->MALE,female,male,1556,6825,8381,0.1856580360338861,0.8143419639661138,0.2279853479853479,6,79,3.8560411311053984,11.575091575091577,1,1,0.6426735218508997,0.1465201465201465,3,4,1.9280205655526992,0.5860805860805861,7,15,4.4987146529562985,2.197802197802198,-7.719050443986179,0.49615337533075315,1.3419399794721132,2.3009124551541005
ep_342_whisperx_diarized.gender.host_guest,FEMALE->MALE,female,male,1117,9298,10415,0.1072491598655785,0.8927508401344215,0.1201333620133362,5,11,4.476275738585497,1.1830501183050115,1,6,0.8952551477170994,0.6453000645300064,5,11,4.476275738585497,1.1830501183050115,0,7,0.0,0.7528500752850075,3.2932256202804853,0.24995508318709292,3.2932256202804853,-0.7528500752850075
ep_321_whisperx_diarized.gender.host_guest,FEMALE->MALE,female,male,1242,8863,10105,0.122909450766947,0.877090549233053,0.1401331377637368,3,18,2.415458937198068,2.030915040054158,1,4,0.8051529790660226,0.4513144533453683,3,7,2.415458937198068,0.7898002933543947,3,4,2.415458937198068,0.4513144533453683,0.38454389714391013,0.3538385257206543,1.6256586438436735,1.9641444838526998
ep_323_whisperx_diarized.gender.host_guest,FEMALE->FEMALE,female,female,1113,11741,12854,0.0865878325812976,0.9134121674187023,0.0947960139681458,4,30,3.593890386343217,2.555148624478324,7,25,6.289308176100629,2.1292905203986034,4,7,3.593890386343217,0.5962013457116089,1,21,0.8984725965858041,1.7886040371348269,1.0387417618648929,4.160017655702026,2.997689040631608,-0.8901314405490227
ep_352_whisperx_diarized.gender.host_guest,FEMALE->FEMALE,female,female,3556,6939,10495,0.3388280133396855,0.6611719866603144,0.5124657731661623,12,79,3.374578177727784,11.38492578181294,11,11,3.093363329583802,1.5852428303790171,10,7,2.81214848143982,1.0087908920593749,6,4,1.687289088863892,0.5764519383196427,-8.010347604085156,1.508120499204785,1.8033575893804452,1.1108371505442494
ep_288_whisperx_diarized.gender.host_guest,MALE->MALE,male,male,5218,3762,8980,0.5810690423162583,0.4189309576837416,1.3870281765018606,51,31,9.773859716366424,8.240297713981924,9,1,1.7247987734764276,0.2658160552897395,1,1,0.1916443081640475,0.2658160552897395,6,0,1.1498658489842852,0.0,1.5335620023844996,1.4589827181866881,-0.074171747125692,1.1498658489842852
ep_353_whisperx_diarized.gender.host_guest,FEMALE->FEMALE,female,female,1114,6161,7275,0.153127147766323,0.8468728522336769,0.1808148027917545,0,24,0.0,3.895471514364551,5,9,4.488330341113106,1.4608018178867068,8,13,7.1813285457809695,2.1100470702807983,1,2,0.8976660682226212,0.3246226261970459,-3.895471514364551,3.0275285232263993,5.071281475500172,0.5730434420255752
ep_122_whisperx_diarized.gender.host_guest,FEMALE->FEMALE,female,female,2698,6512,9210,0.2929424538545059,0.707057546145494,0.4143120393120393,14,82,5.189028910303929,12.592137592137592,3,2,1.111934766493699,0.3071253071253071,4,4,1.4825796886582654,0.6142506142506142,6,10,2.223869532987398,1.5356265356265355,-7.403108681833663,0.8048094593683919,0.8683290744076512,0.6882429973608624
ep_067_whisperx_diarized.gender.host_guest,MALE->MALE,male,male,2509,9041,11550,0.2172294372294372,0.7827705627705628,0.2775135493861299,18,158,7.174172977281786,17.475942926667404,0,8,0.0,0.8848578697046787,2,1,0.7971303308090874,0.1106072337130848,0,10,0.0,1.1060723371308483,-10.30176994938562,-0.8848578697046787,0.6865230970960026,-1.1060723371308483
ep_179_whisperx_diarized.gender.host_guest,MALE->FEMALE,male,female,2768,9408,12176,0.2273324572930354,0.7726675427069645,0.2942176870748299,16,59,5.780346820809248,6.27125850340136,3,14,1.083815028901734,1.488095238095238,4,0,1.445086705202312,0.0,2,13,0.722543352601156,1.3818027210884354,-0.49091168259211226,-0.4042802091935038,1.445086705202312,-0.6592593684872794
ep_184_whisperx_diarized.gender.host_guest,MALE->MALE,male,male,1672,6290,7962,0.2099974880683245,0.7900025119316755,0.2658187599364069,7,72,4.186602870813397,11.446740858505564,0,2,0.0,0.3179650238473768,5,0,2.9904306220095696,0.0,0,0,0.0,0.0,-7.260137987692167,-0.3179650238473768,2.9904306220095696,0.0
ep_043_whisperx_diarized.gender.host_guest,MALE->FEMALE,male,female,3724,10601,14325,0.2599650959860384,0.7400349040139617,0.3512876143760022,43,32,11.54672395273899,3.01858315253278,1,5,0.2685284640171858,0.4716536175832468,8,6,2.148227712137486,0.5659843410998963,10,12,2.6852846401718584,1.1319686821997923,8.52814080020621,-0.20312515356606103,1.58224337103759,1.5533159579720661
ep_071_whisperx_diarized.gender.host_guest,MALE->MALE,male,male,1615,8227,9842,0.1640926640926641,0.8359073359073359,0.1963048498845265,10,13,6.191950464396285,1.5801628783274582,3,5,1.8575851393188847,0.6077549532028685,5,1,3.095975232198142,0.1215509906405737,3,8,1.8575851393188847,0.9724079251245896,4.611787586068827,1.2498301861160162,2.9744242415575686,0.8851772141942951
ep_308_whisperx_diarized.gender.host_guest,FEMALE->FEMALE,female,female,819,7818,8637,0.0948245918721778,0.9051754081278222,0.1047582501918649,6,12,7.326007326007326,1.5349194167306217,1,17,1.221001221001221,2.174469173701714,6,3,7.326007326007326,0.3837298541826554,3,19,3.663003663003663,2.430289076490151,5.791087909276704,-0.953467952700493,6.942277471824671,1.232714586513512
ep_068_whisperx_diarized.gender.host_guest,MALE->MALE,male,male,1060,8199,9259,0.1144832055297548,0.8855167944702451,0.1292840590315892,9,42,8.49056603773585,5.122575923893158,0,2,0.0,0.2439321868520551,11,3,10.377358490566037,0.3658982802780827,1,1,0.9433962264150944,0.1219660934260275,3.3679901138426915,-0.2439321868520551,10.011460210287954,0.8214301329890669
ep_128_whisperx_diarized.gender.host_guest,FEMALE->MALE,female,male,2523,10624,13147,0.1919068989122994,0.8080931010877006,0.2374811746987951,9,51,3.5671819262782405,4.800451807228916,3,21,1.1890606420927463,1.976656626506024,8,17,3.1708283789139915,1.6001506024096386,8,8,3.1708283789139915,0.7530120481927711,-1.233269880950676,-0.7875959844132776,1.570677776504353,2.4178163307212204
ep_119_whisperx_diarized.gender.host_guest,FEMALE->MALE,female,male,3618,5595,9213,0.3927059589710192,0.6072940410289808,0.6466487935656836,22,70,6.080707573244887,12.511170688114388,3,6,0.8291873963515755,1.0723860589812333,3,2,0.8291873963515755,0.3574620196604111,10,21,2.7639579878385847,3.7533512064343166,-6.430463114869501,-0.24319866262965784,0.4717253766911644,-0.9893932185957319
ep_031_whisperx_diarized.gender.host_guest,FEMALE->MALE,female,male,3600,8719,12319,0.2922315122980761,0.7077684877019239,0.4128913866269068,32,62,8.88888888888889,7.11090721413006,6,10,1.6666666666666667,1.1469205184080744,8,6,2.2222222222222223,0.6881523110448446,4,3,1.1111111111111112,0.3440761555224223,1.7779816747588288,0.5197461482585923,1.5340699111773777,0.7670349555886888
ep_324_whisperx_diarized.gender.host_guest,FEMALE->MALE,female,male,1466,11884,13350,0.109812734082397,0.890187265917603,0.1233591383372601,8,106,5.457025920873124,8.919555705149781,2,0,1.364256480218281,0.0,2,7,1.364256480218281,0.589027263547627,3,6,2.046384720327421,0.5048805116122518,-3.462529784276657,1.364256480218281,0.775229216670654,1.5415042087151694
ep_047_whisperx_diarized.gender.host_guest,MALE->MALE,male,male,2957,8575,11532,0.2564169268123482,0.7435830731876517,0.3448396501457726,17,36,5.749070003381806,4.198250728862974,5,3,1.6909029421711192,0.3498542274052478,9,3,3.043625295908015,0.3498542274052478,0,12,0.0,1.3994169096209912,1.5508192745188314,1.3410487147658714,2.6937710685027674,-1.3994169096209912
ep_153_whisperx_diarized.gender.host_guest,FEMALE->MALE,female,male,1591,6533,8124,0.1958394879369768,0.8041605120630232,0.2435328333078218,7,21,4.3997485857950975,3.2144497168222865,1,0,0.6285355122564426,0.0,3,9,1.8856065367693275,1.3776213072095516,10,11,6.285355122564425,1.6837593754783406,1.185298868972811,0.6285355122564426,0.507985229559776,4.601595747086085
ep_340_whisperx_diarized.gender.host_guest,FEMALE->MALE,female,male,1509,5366,6875,0.2194909090909091,0.7805090909090909,0.2812150577711517,9,112,5.964214711729622,20.87215803205367,1,4,0.6626905235255136,0.7454342154304883,5,7,3.313452617627568,1.3045098770033543,0,16,0.0,2.981736861721953,-14.907943320324048,-0.08274369190497466,2.0089427406242137,-2.981736861721953
ep_229_whisperx_diarized.gender.host_guest,MALE->FEMALE,male,female,2469,8213,10682,0.2311364912937652,0.7688635087062348,0.3006209667600146,10,38,4.050222762251924,4.626811153050043,2,4,0.8100445524503848,0.487032752952636,4,5,1.6200891049007695,0.6087909411907951,0,0,0.0,0.0,-0.5765883907981193,0.3230117994977488,1.0112981637099745,0.0
ep_235_whisperx_diarized.gender.host_guest,MALE->MALE,male,male,3276,11557,14833,0.2208588957055214,0.7791411042944786,0.2834645669291338,18,19,5.494505494505495,1.64402526607251,1,14,0.3052503052503053,1.2113870381586918,6,5,1.831501831501832,0.4326382279138184,3,13,0.9157509157509156,1.124859392575928,3.8504802284329855,-0.9061367329083865,1.3988636035880138,-0.20910847682501243
ep_237_whisperx_diarized.gender.host_guest,MALE->MALE,male,male,4061,14995,19056,0.2131087321578505,0.7868912678421495,0.2708236078692898,12,21,2.9549372075843388,1.4004668222740917,3,3,0.7387343018960847,0.2000666888962987,10,6,2.4624476729869493,0.4001333777925975,4,16,0.9849790691947796,1.06702234078026,1.554470385310247,0.538667612999786,2.062314295194352,-0.0820432715854803
ep_222_whisperx_diarized.gender.host_guest,MALE->MALE,male,male,7961,9605,17566,0.4532050552203119,0.546794944779688,0.8288391462779802,38,43,4.773269689737471,4.476834981780323,5,20,0.6280618012812461,2.082248828735034,4,2,0.5024494410249969,0.2082248828735033,8,5,1.0048988820499938,0.5205622071837585,0.29643470795714766,-1.4541870274537878,0.2942245581514936,0.48433667486623533
ep_139_whisperx_diarized.gender.host_guest,FEMALE->FEMALE,female,female,1681,10130,11811,0.1423249513165693,0.8576750486834307,0.1659427443237907,5,64,2.97441998810232,6.317867719644619,2,10,1.189767995240928,0.9871668311944718,6,14,3.569303985722784,1.3820335636722605,4,13,2.3795359904818563,1.2833168805528137,-3.343447731542299,0.20260116404645612,2.1872704220505232,1.0962191099290426
ep_349_whisperx_diarized.gender.host_guest,FEMALE->FEMALE,female,female,2623,10028,12651,0.2073353885068374,0.7926646114931626,0.2615676106900678,27,155,10.293556995806329,15.456721180694055,6,27,2.287457110179184,2.6924611088950936,11,10,4.193671368661837,0.997207818109294,4,30,1.5249714067861229,2.9916234543278817,-5.1631641848877265,-0.40500399871590975,3.196463550552543,-1.4666520475417588
ep_304_whisperx_diarized.gender.host_guest,FEMALE->MALE,female,male,1144,3595,4739,0.2414011394809031,0.7585988605190969,0.3182197496522949,12,46,10.48951048951049,12.795549374130736,1,5,0.8741258741258742,1.3908205841446453,6,7,5.244755244755245,1.947148817802504,2,3,1.7482517482517483,0.8344923504867872,-2.3060388846202464,-0.5166947100187711,3.2976064269527408,0.9137593977649612
ep_331_whisperx_diarized.gender.host_guest,FEMALE->MALE,female,male,753,3545,4298,0.1751977664029781,0.8248022335970219,0.2124118476727785,8,38,10.624169986719789,10.71932299012694,4,4,5.3120849933598935,1.1283497884344147,3,3,3.98406374501992,0.846262341325811,4,3,5.3120849933598935,0.846262341325811,-0.09515300340715172,4.183735204925479,3.137801403694109,4.465822652034083
ep_311_whisperx_diarized.gender.host_guest,FEMALE->FEMALE,female,female,1030,4664,5694,0.180892167193537,0.8191078328064629,0.2208404802744425,13,32,12.62135922330097,6.861063464837049,3,0,2.912621359223301,0.0,9,4,8.737864077669903,0.8576329331046312,0,8,0.0,1.7152658662092624,5.760295758463921,2.912621359223301,7.880231144565271,-1.7152658662092624
ep_150_whisperx_diarized.gender.host_guest,FEMALE->MALE,female,male,2062,6100,8162,0.2526341582945356,0.7473658417054644,0.3380327868852459,7,68,3.394762366634336,11.14754098360656,1,23,0.4849660523763336,3.7704918032786887,3,2,1.454898157129001,0.3278688524590163,3,29,1.454898157129001,4.754098360655738,-7.7527786169722255,-3.285525750902355,1.1270293046699846,-3.299200203526737
ep_264_whisperx_diarized.gender.host_guest,FEMALE->MALE,female,male,1199,13738,14937,0.0802704693044118,0.9197295306955882,0.0872761682923278,6,89,5.004170141784821,6.478381132624836,0,6,0.0,0.4367447954578541,2,11,1.6680567139282736,0.8006987916727325,2,12,1.6680567139282736,0.8734895909157082,-1.4742109908400156,-0.4367447954578541,0.8673579222555411,0.7945671230125654
ep_339_whisperx_diarized.gender.host_guest,FEMALE->FEMALE,female,female,4085,5005,9090,0.4493949394939494,0.5506050605060506,0.8161838161838162,29,36,7.099143206854345,7.192807192807193,3,4,0.7343941248470012,0.7992007992007992,17,7,4.16156670746634,1.3986013986013983,8,6,1.9583843329253368,1.1988011988011988,-0.09366398595284764,-0.06480667435379805,2.762965308864942,0.7595831341241379
ep_101_whisperx_diarized.gender.host_guest,MALE->FEMALE,male,female,1153,3503,4656,0.2476374570446735,0.7523625429553265,0.3291464459035113,12,18,10.407632263660018,5.138452754781616,2,4,1.7346053772766694,1.1418783899514702,6,4,5.203816131830009,1.1418783899514702,2,14,1.7346053772766694,3.9965743648301455,5.269179508878402,0.5927269873251992,4.0619377418785385,-2.261968987553476
ep_186_whisperx_diarized.gender.host_guest,MALE->FEMALE,male,female,3675,14544,18219,0.2017124979417092,0.7982875020582908,0.2526815181518151,10,41,2.7210884353741496,2.819031903190319,10,22,2.7210884353741496,1.5126512651265125,7,3,1.9047619047619049,0.2062706270627062,1,12,0.2721088435374149,0.8250825082508251,-0.09794346781616925,1.208437170247637,1.6984912776991987,-0.5529736647134103
ep_306_whisperx_diarized.gender.host_guest,FEMALE->MALE,female,male,1453,6093,7546,0.1925523456135701,0.8074476543864298,0.2384703758411291,11,62,7.570543702684102,10.175611357295256,2,28,1.3764624913971093,4.5954373871656,5,9,3.441156228492773,1.4771048744460855,2,3,1.3764624913971093,0.4923682914820286,-2.6050676546111546,-3.2189748957684903,1.9640513540466875,0.8840941999150806
ep_053_whisperx_diarized.gender.host_guest,MALE->FEMALE,male,female,4831,14762,19593,0.2465676517123462,0.7534323482876537,0.3272591789730389,46,52,9.52183812875181,3.522557918981168,10,5,2.06996481059822,0.3387074922097277,10,20,2.06996481059822,1.3548299688389107,12,14,2.483957772717864,0.9483809781872374,5.999280209770642,1.731257318388492,0.7151348417593091,1.5355767945306267
ep_125_whisperx_diarized.gender.host_guest,FEMALE->MALE,female,male,1683,7652,9335,0.1802892340653454,0.8197107659346545,0.2199424986931521,8,59,4.753416518122401,7.710402509147936,0,2,0.0,0.2613695765812859,4,0,2.3767082590612003,0.0,0,4,0.0,0.5227391531625718,-2.956985991025535,-0.2613695765812859,2.3767082590612003,-0.5227391531625718
ep_281_whisperx_diarized.gender.host_guest,MALE->MALE,male,male,2242,10400,12642,0.1773453567473501,0.8226546432526499,0.215576923076923,16,156,7.136485280999108,15.0,1,21,0.4460303300624442,2.019230769230769,5,11,2.230151650312221,1.0576923076923077,0,1,0.0,0.0961538461538461,-7.863514719000892,-1.573200439168325,1.1724593426199135,-0.0961538461538461
ep_251_whisperx_diarized.gender.host_guest,MALE->MALE,male,male,3751,10615,14366,0.2611026033690659,0.7388973966309341,0.3533678756476684,12,50,3.1991468941615566,4.710315591144607,2,8,0.5331911490269261,0.753650494583137,4,4,1.0663822980538522,0.3768252472915685,5,32,1.3329778725673154,3.014601978332548,-1.51116869698305,-0.22045934555621094,0.6895570507622837,-1.6816241057652328
ep_014_whisperx_diarized.gender.host_guest,MALE->FEMALE,male,female,4346,9093,13439,0.3233871567824987,0.6766128432175013,0.4779500714835588,42,74,9.66405890473999,8.138128230506982,3,8,0.6902899217671422,0.8797976465412956,13,7,2.991256327657616,0.7698229407236336,5,5,1.150483202945237,0.5498735290883097,1.5259306742330079,-0.18950772477415334,2.2214333869339824,0.6006096738569273
ep_214_whisperx_diarized.gender.host_guest,MALE->MALE,male,male,1582,6859,8441,0.1874185523042293,0.8125814476957707,0.2306458667444234,3,19,1.8963337547408343,2.770083102493075,2,3,1.2642225031605565,0.4373815424989065,1,1,0.6321112515802781,0.1457938474996355,1,1,0.6321112515802781,0.1457938474996355,-0.8737493477522407,0.82684096066165,0.4863174040806426,0.4863174040806426
ep_030_whisperx_diarized.gender.host_guest,MALE->FEMALE,male,female,6261,12248,18509,0.3382678696850181,0.6617321303149819,0.5111854996734161,55,187,8.78453921098866,15.267798824297843,3,4,0.4791566842357451,0.3265839320705421,3,3,0.4791566842357451,0.2449379490529066,5,14,0.7985944737262418,1.1430437622468974,-6.483259613309183,0.152572752165203,0.23421873518283848,-0.3444492885206556
ep_336_whisperx_diarized.gender.host_guest,FEMALE->FEMALE,female,female,3266,8709,11975,0.2727348643006263,0.7272651356993737,0.3750143529681938,30,58,9.185548071034903,6.659777241933631,9,9,2.755664421310472,1.0334137099552188,8,6,2.449479485609308,0.6889424733034792,5,5,1.5309246785058177,0.5741187277528993,2.5257708291012717,1.7222507113552534,1.7605370123058288,0.9568059507529184
ep_246_whisperx_diarized.gender.host_guest,MALE->FEMALE,male,female,5484,8431,13915,0.3941070786920589,0.605892921307941,0.6504566480844503,18,25,3.282275711159737,2.9652473016249554,4,10,0.7293946024799417,1.1860989206499823,8,9,1.4587892049598834,1.067489028584984,3,9,0.5470459518599562,1.067489028584984,0.31702840953478173,-0.45670431817004065,0.39130017637489933,-0.5204430767250279
ep_211_whisperx_diarized.gender.host_guest,MALE->FEMALE,male,female,2271,8787,11058,0.2053716766142159,0.794628323385784,0.2584499829293274,8,10,3.522677234698371,1.138044838966655,2,2,0.8806693086745927,0.227608967793331,3,4,1.321003963011889,0.4552179355866621,0,3,0.0,0.3414134516899966,2.3846323957317157,0.6530603408812616,0.8657860274252269,-0.3414134516899966
ep_118_whisperx_diarized.gender.host_guest,FEMALE->FEMALE,female,female,1700,9604,11304,0.1503892427459306,0.8496107572540693,0.1770095793419408,9,93,5.294117647058823,9.683465222823823,1,8,0.588235294117647,0.8329862557267805,3,7,1.7647058823529411,0.7288629737609329,2,14,1.176470588235294,1.4577259475218658,-4.389347575765,-0.24475096160913357,1.0358429085920082,-0.28125535928657186
ep_354_whisperx_diarized.gender.host_guest,FEMALE->FEMALE,female,female,2628,6626,9254,0.2839853036524746,0.7160146963475253,0.3966193782070631,14,39,5.32724505327245,5.885904014488379,11,9,4.185692541856925,1.3582855418050106,7,3,2.663622526636225,0.4527618472683368,2,15,0.76103500761035,2.263809236341684,-0.5586589612159294,2.8274070000519145,2.2108606793678884,-1.5027742287313341
ep_322_whisperx_diarized.gender.host_guest,FEMALE->MALE,female,male,2826,10615,13441,0.2102522133769808,0.7897477866230191,0.2662270372114931,22,135,7.78485491861288,12.717852096090438,3,41,1.0615711252653928,3.8624587847385774,5,11,1.7692852087756543,1.0362694300518134,1,36,0.3538570417551309,3.391427225624117,-4.932997177477557,-2.800887659473185,0.7330157787238409,-3.037570183868986
ep_028_whisperx_diarized.gender.host_guest,MALE->MALE,male,male,2808,13744,16552,0.1696471725471242,0.8303528274528758,0.2043073341094295,8,241,2.849002849002849,17.534924330616995,0,3,0.0,0.2182770663562281,6,6,2.136752136752137,0.4365541327124563,1,10,0.3561253561253561,0.7275902211874273,-14.685921481614146,-0.2182770663562281,1.700198004039681,-0.3714648650620712
ep_274_whisperx_diarized.gender.host_guest,MALE->FEMALE,male,female,3354,4336,7690,0.436150845253576,0.5638491547464239,0.7735239852398524,9,36,2.683363148479428,8.302583025830259,2,10,0.5963029218843172,2.306273062730628,5,2,1.4907573047107932,0.4612546125461254,1,2,0.2981514609421586,0.4612546125461254,-5.619219877350831,-1.7099701408463106,1.0295026921646677,-0.16310315160396677
ep_176_whisperx_diarized.gender.host_guest,MALE->MALE,male,male,1421,6012,7433,0.1911744921296919,0.808825507870308,0.2363606121091151,1,9,0.7037297677691766,1.497005988023952,2,8,1.4074595355383532,1.3306719893546242,6,4,4.22237860661506,0.6653359946773121,0,7,0.0,1.164337990685296,-0.7932762202547753,0.07678754618372907,3.5570426119377485,-1.164337990685296
ep_143_whisperx_diarized.gender.host_guest,FEMALE->MALE,female,male,2249,7817,10066,0.2234253924100933,0.7765746075899066,0.2877062811820391,5,15,2.2232103156958645,1.918894716643213,2,8,0.889284126278346,1.0234105155430473,3,6,1.3339261894175187,0.7675578866572854,4,1,1.778568252556692,0.1279263144428809,0.3043155990526514,-0.13412638926470133,0.5663683027602333,1.650641938113811
ep_092_whisperx_diarized.gender.host_guest,MALE->FEMALE,male,female,2514,4544,7058,0.3561915556814962,0.6438084443185038,0.5532570422535211,16,10,6.364359586316628,2.200704225352113,0,3,0.0,0.6602112676056338,9,15,3.579952267303103,3.301056338028169,4,2,1.591089896579157,0.4401408450704225,4.163655360964515,-0.6602112676056338,0.2788959292749338,1.1509490515087344
ep_282_whisperx_diarized.gender.host_guest,MALE->FEMALE,male,female,3205,7628,10833,0.2958552570848334,0.7041447429151666,0.420162558993183,8,37,2.49609984399376,4.850550603041426,2,4,0.62402496099844,0.5243838489774515,5,6,1.5600624024960998,0.7865757734661772,2,12,0.62402496099844,1.5731515469323545,-2.354450759047666,0.09964111202098846,0.7734866290299226,-0.9491265859339145
ep_098_whisperx_diarized.gender.host_guest,MALE->FEMALE,male,female,6266,9536,15802,0.39653208454626,0.60346791545374,0.6570889261744967,55,133,8.777529524417492,13.947147651006713,5,8,0.7979572294924991,0.8389261744966443,11,13,1.7555059048834982,1.363255033557047,21,26,3.3514203638684963,2.726510067114094,-5.169618126589221,-0.04096894500414516,0.3922508713264512,0.6249102967544022
ep_172_whisperx_diarized.gender.host_guest,MALE->MALE,male,male,2547,10026,12573,0.2025769506084466,0.7974230493915533,0.2540394973070018,9,14,3.53356890459364,1.3963694394574109,0,4,0.0,0.3989626969878316,2,2,0.7852375343541421,0.1994813484939158,1,6,0.392618767177071,0.5984440454817475,2.137199465136229,-0.3989626969878316,0.5857561858602263,-0.20582527830467645
ep_205_whisperx_diarized.gender.host_guest,MALE->FEMALE,male,female,4321,9718,14039,0.3077854548044733,0.6922145451955267,0.4446388145708994,15,43,3.4714186530895623,4.424778761061947,1,16,0.2314279102059708,1.6464293064416546,9,1,2.0828511918537376,0.1029018316526034,2,7,0.4628558204119417,0.720312821568224,-0.9533601079723844,-1.4150013962356838,1.9799493602011342,-0.2574570011562823
ep_133_whisperx_diarized.gender.host_guest,FEMALE->FEMALE,female,female,1501,11948,13449,0.1116068109153096,0.8883931890846903,0.1256277201205222,6,51,3.997335109926716,4.268496819551389,1,12,0.6662225183211192,1.004352192835621,2,9,1.3324450366422385,0.7532641446267158,3,19,1.998667554963358,1.5902243053230667,-0.27116170962467345,-0.3381296745145017,0.5791808920155227,0.4084432496402912
ep_231_whisperx_diarized.gender.host_guest,MALE->FEMALE,male,female,2930,9576,12506,0.2342875419798496,0.7657124580201503,0.3059732664995823,9,75,3.0716723549488054,7.832080200501252,0,3,0.0,0.3132832080200501,2,1,0.6825938566552902,0.1044277360066833,1,8,0.3412969283276451,0.835421888053467,-4.760407845552447,-0.3132832080200501,0.5781661206486068,-0.4941249597258219
ep_033_whisperx_diarized.gender.host_guest,MALE->MALE,male,male,3787,11119,14906,0.254058768281229,0.7459412317187709,0.3405881823905027,16,73,4.224980195405334,6.565338609587193,8,18,2.112490097702667,1.6188506160625955,5,1,1.3203063110641668,0.0899361453368108,6,63,1.5843675732770002,5.665977156219085,-2.3403584141818587,0.49363948164007154,1.230370165727356,-4.081609582942084
ep_104_whisperx_diarized.gender.host_guest,MALE->MALE,male,male,2862,12149,15011,0.1906601825328092,0.8093398174671907,0.2355749444398716,26,28,9.084556254367577,2.304716437566878,2,7,0.6988120195667366,0.5761791093917195,9,13,3.1446540880503147,1.0700469174417648,2,9,0.6988120195667366,0.7408017120750678,6.779839816800699,0.1226329101750171,2.07460717060855,-0.04198969250833129
ep_187_whisperx_diarized.gender.host_guest,MALE->MALE,male,male,2584,5052,7636,0.3383970665269775,0.6616029334730226,0.5114806017418844,8,19,3.095975232198142,3.760886777513856,1,1,0.3869969040247678,0.1979414093428345,4,4,1.547987616099071,0.7917656373713381,0,4,0.0,0.7917656373713381,-0.664911545315714,0.18905549468193328,0.756221978727733,-0.7917656373713381
ep_147_whisperx_diarized.gender.host_guest,FEMALE->FEMALE,female,female,1803,7248,9051,0.1992045077891945,0.8007954922108055,0.2487582781456953,5,88,2.7731558513588466,12.141280353200882,6,6,3.327787021630616,0.8278145695364238,4,5,2.2185246810870773,0.6898454746136866,5,18,2.7731558513588466,2.4834437086092715,-9.368124501842036,2.499972452094192,1.5286792064733907,0.289712142749575
ep_343_whisperx_diarized.gender.host_guest,FEMALE->FEMALE,female,female,1836,7059,8895,0.2064080944350758,0.7935919055649241,0.2600934976625584,4,26,2.178649237472768,3.6832412523020257,5,3,2.7233115468409586,0.4249893752656183,3,12,1.6339869281045751,1.6999575010624737,2,8,1.0893246187363836,1.1333050007083156,-1.5045920148292575,2.2983221715753404,-0.06597057295789854,-0.04398038197193199
ep_208_whisperx_diarized.gender.host_guest,MALE->MALE,male,male,3762,14555,18317,0.2053829775618278,0.7946170224381722,0.2584678804534524,17,54,4.518872939925571,3.7100652696667815,3,14,0.7974481658692185,0.9618687736173136,5,0,1.3290802764486975,0.0,4,9,1.063264221158958,0.6183442116111302,0.8088076702587896,-0.16442060774809508,1.3290802764486975,0.44492000954782784
ep_302_whisperx_diarized.gender.host_guest,FEMALE->FEMALE,female,female,1445,8140,9585,0.1507563901930099,0.8492436098069901,0.1775184275184275,10,106,6.920415224913495,13.022113022113022,1,5,0.6920415224913494,0.6142506142506142,3,13,2.0761245674740487,1.597051597051597,1,17,0.6920415224913494,2.088452088452088,-6.1016977971995265,0.0777909082407352,0.47907297042245167,-1.3964105659607386
ep_256_whisperx_diarized.gender.host_guest,MALE->FEMALE,male,female,2739,9252,11991,0.2284213159869902,0.7715786840130098,0.2960440985732814,4,27,1.460387002555677,2.9182879377431905,2,13,0.7301935012778387,1.4051015996541287,11,2,4.016064257028112,0.2161694768698659,3,31,1.095290251916758,3.3506268914829223,-1.4579009351875134,-0.6749080983762901,3.7998947801582457,-2.2553366395661643
ep_338_whisperx_diarized.gender.host_guest,FEMALE->MALE,female,male,1697,8707,10404,0.1631103421760861,0.8368896578239139,0.1949006546456873,5,119,2.946375957572186,13.667164350522569,1,4,0.5892751915144372,0.4594004823705065,7,10,4.124926340601061,1.1485012059262665,3,8,1.7678255745433118,0.918800964741013,-10.720788392950382,0.12987470914393068,2.976425134674794,0.8490246098022988
ep_220_whisperx_diarized.gender.host_guest,MALE->FEMALE,male,female,2600,7427,10027,0.2592998902962002,0.7407001097037997,0.3500740541268345,5,24,1.9230769230769231,3.2314528073246267,2,11,0.7692307692307693,1.4810825366904536,3,3,1.153846153846154,0.4039316009155783,1,1,0.3846153846153846,0.1346438669718594,-1.3083758842477036,-0.7118517674596844,0.7499145529305757,0.24997151764352518
ep_124_whisperx_diarized.gender.host_guest,FEMALE->FEMALE,female,female,7240,2031,9271,0.7809297810376443,0.2190702189623557,3.564746430329887,149,17,20.58011049723757,8.370260955194485,6,3,0.8287292817679558,1.4771048744460855,8,0,1.1049723756906078,0.0,23,7,3.1767955801104977,3.4465780403742,12.209849542043084,-0.6483755926781297,1.1049723756906078,-0.26978246026370245
ep_326_whisperx_diarized.gender.host_guest,FEMALE->MALE,female,male,1193,3495,4688,0.2544795221843003,0.7455204778156996,0.3413447782546495,11,41,9.220452640402346,11.7310443490701,0,2,0.0,0.5722460658082976,6,11,5.029337803855825,3.1473533619456364,1,1,0.8382229673093042,0.2861230329041488,-2.5105917086677536,-0.5722460658082976,1.881984441910189,0.5520999344051554
ep_064_whisperx_diarized.gender.host_guest,MALE->FEMALE,male,female,2992,9205,12197,0.2453062228416823,0.7546937771583176,0.3250407387289517,26,101,8.689839572192513,10.972297664312872,1,12,0.3342245989304813,1.3036393264530146,10,17,3.342245989304813,1.8468223791417708,9,7,3.008021390374332,0.7604562737642585,-2.2824580921203594,-0.9694147275225333,1.495423610163042,2.2475651166100734
ep_310_whisperx_diarized.gender.host_guest,FEMALE->FEMALE,female,female,2432,7874,10306,0.2359790413351445,0.7640209586648554,0.3088646177292354,17,90,6.990131578947368,11.43002286004572,5,9,2.0559210526315788,1.143002286004572,2,3,0.8223684210526315,0.381000762001524,4,9,1.644736842105263,1.143002286004572,-4.439891281098351,0.9129187666270067,0.44136765905110753,0.501734556100691
ep_269_whisperx_diarized.gender.host_guest,MALE->MALE,male,male,2818,11411,14229,0.1980462435870405,0.8019537564129594,0.2469546928402418,15,100,5.322924059616749,8.763473841030585,1,18,0.35486160397445,1.5774252913855054,6,4,2.1291696238467,0.3505389536412234,4,15,1.4194464158978,1.3145210761545878,-3.4405497814138357,-1.2225636874110553,1.7786306702054768,0.10492533974321216
ep_328_whisperx_diarized.gender.host_guest,FEMALE->MALE,female,male,969,4761,5730,0.169109947643979,0.830890052356021,0.203528670447385,11,25,11.351909184726525,5.250997689561016,0,3,0.0,0.630119722747322,0,2,0.0,0.4200798151648813,0,10,0.0,2.1003990758244067,6.100911495165509,-0.630119722747322,-0.4200798151648813,-2.1003990758244067
ep_112_whisperx_diarized.gender.host_guest,MALE->FEMALE,male,female,1883,16121,18004,0.1045878693623639,0.895412130637636,0.116804168475901,26,107,13.807753584705257,6.637305378078283,3,9,1.5932023366967605,0.5582780224551828,5,7,2.655337227827934,0.4342162396873643,0,18,0.0,1.1165560449103655,7.170448206626974,1.0349243142415778,2.22112098814057,-1.1165560449103655
ep_325_whisperx_diarized.gender.host_guest,FEMALE->FEMALE,female,female,1523,7947,9470,0.1608236536430834,0.8391763463569166,0.1916446457782811,12,74,7.879185817465528,9.311689945891532,1,7,0.6565988181221273,0.880835535422172,0,10,0.0,1.2583364791745313,4,11,2.626395272488509,1.3841701270919844,-1.4325041284260038,-0.22423671730004469,-1.2583364791745313,1.2422251453965247
ep_074_whisperx_diarized.gender.host_guest,MALE->FEMALE,male,female,4467,7266,11733,0.3807210432114549,0.6192789567885452,0.6147811725846408,31,62,6.93978061338706,8.53289292595651,13,23,2.910230579807477,3.1654280209193506,23,16,5.14886948735169,2.202036884117809,4,2,0.8954555630176853,0.2752546105147261,-1.59311231256945,-0.2551974411118736,2.946832603233881,0.6202009525029591
ep_305_whisperx_diarized.gender.host_guest,FEMALE->MALE,female,male,1214,8125,9339,0.1299925045508084,0.8700074954491915,0.1494153846153846,1,43,0.8237232289950577,5.292307692307692,3,2,2.471169686985173,0.2461538461538461,5,4,4.118616144975288,0.4923076923076923,0,3,0.0,0.3692307692307692,-4.468584463312634,2.2250158408313268,3.6263084526675957,-0.3692307692307692
ep_066_whisperx_diarized.gender.host_guest,MALE->FEMALE,male,female,3475,6418,9893,0.3512584655817244,0.6487415344182755,0.5414459333125584,42,75,12.086330935251798,11.685883452789032,2,6,0.5755395683453237,0.9348706762231224,4,4,1.1510791366906474,0.6232471174820816,2,11,0.5755395683453237,1.7139295730757245,0.4004474824627664,-0.35933110787779865,0.5278320192085658,-1.1383900047304008
ep_263_whisperx_diarized.gender.host_guest,MALE->FEMALE,male,female,1554,13950,15504,0.1002321981424148,0.8997678018575851,0.1113978494623656,3,83,1.9305019305019304,5.949820788530467,0,2,0.0,0.1433691756272401,5,11,3.217503217503217,0.7885304659498208,1,13,0.6435006435006435,0.931899641577061,-4.019318858028536,-0.1433691756272401,2.4289727515533963,-0.28839899807641745
ep_332_whisperx_diarized.gender.host_guest,FEMALE->MALE,female,male,1301,6717,8018,0.1622599151908206,0.8377400848091794,0.1936876581807354,16,53,12.298232129131437,7.89042727408069,4,4,3.074558032282859,0.595503945213637,5,12,3.843197540353574,1.786511835640911,2,11,1.5372790161414296,1.6376358493375018,4.407804855050747,2.479054087069222,2.0566857047126628,-0.10035683319607225
ep_307_whisperx_diarized.gender.host_guest,FEMALE->MALE,female,male,1449,4227,5676,0.2552854122621564,0.7447145877378436,0.3427963094393186,11,56,7.59144237405107,13.248166548379466,6,2,4.140786749482402,0.4731488052992666,4,4,2.7605244996549345,0.9462976105985332,0,6,0.0,1.4194464158978,-5.656724174328396,3.6676379441831353,1.8142268890564013,-1.4194464158978
ep_110_whisperx_diarized.gender.host_guest,MALE->FEMALE,male,female,4995,13076,18071,0.2764097172264955,0.7235902827735045,0.3819975527684307,62,126,12.412412412412412,9.635974304068522,5,4,1.001001001001001,0.3059039461609055,7,9,1.4014014014014011,0.6882838788620373,12,27,2.4024024024024024,2.064851636586112,2.776438108343889,0.6950970548400957,0.7131175225393638,0.3375507658162906
ep_225_whisperx_diarized.gender.host_guest,MALE->MALE,male,male,2488,8635,11123,0.2236806616919895,0.7763193383080105,0.2881297046902142,13,19,5.22508038585209,2.200347423277359,3,4,1.2057877813504825,0.4632310364794441,5,0,2.0096463022508035,0.0,1,5,0.4019292604501607,0.5790387955993052,3.024732962574731,0.7425567448710384,2.0096463022508035,-0.17710953514914446
ep_115_whisperx_diarized.gender.host_guest,FEMALE->MALE,female,male,2238,10960,13198,0.1695711471435066,0.8304288528564934,0.2041970802919708,15,89,6.702412868632708,8.120437956204379,1,2,0.4468275245755138,0.1824817518248175,4,14,1.7873100983020551,1.2773722627737227,2,22,0.8936550491510277,2.0072992700729926,-1.418025087571671,0.26434577275069626,0.5099378355283324,-1.113644220921965
ep_301_whisperx_diarized.gender.host_guest,FEMALE->MALE,female,male,588,10066,10654,0.0551905387647831,0.9448094612352168,0.0584144645340751,2,12,3.401360544217687,1.1921319292668389,0,6,0.0,0.5960659646334194,8,12,13.605442176870747,1.1921319292668389,0,2,0.0,0.1986886548778065,2.209228614950848,-0.5960659646334194,12.413310247603908,-0.1986886548778065
ep_146_whisperx_diarized.gender.host_guest,FEMALE->FEMALE,female,female,1500,7703,9203,0.162990329240465,0.8370096707595349,0.1947293262365312,6,53,4.0,6.8804361936907705,0,16,0.0,2.0771128131896663,4,3,2.6666666666666665,0.3894586524730624,1,20,0.6666666666666666,2.596391016487083,-2.8804361936907705,-2.0771128131896663,2.277208014193604,-1.9297243498204164
ep_337_whisperx_diarized.gender.host_guest,FEMALE->MALE,female,male,1906,9309,11215,0.1699509585376727,0.8300490414623273,0.2047480932430981,9,42,4.72193074501574,4.5117628101836935,2,5,1.0493179433368311,0.5371146202599635,6,9,3.147953830010493,0.9668063164679342,6,5,3.147953830010493,0.5371146202599635,0.21016793483204665,0.5122033230768677,2.181147513542559,2.6108392097505293
ep_268_whisperx_diarized.gender.host_guest,FEMALE->FEMALE,female,female,892,4876,5768,0.1546463245492371,0.8453536754507628,0.1829368334700574,7,45,7.8475336322869955,9.228876127973749,0,2,0.0,0.4101722723543888,4,5,4.484304932735426,1.025430680885972,1,18,1.1210762331838564,3.691550451189499,-1.381342495686753,-0.4101722723543888,3.458874251849454,-2.570474218005643
ep_202_whisperx_diarized.gender.host_guest,MALE->MALE,male,male,4984,283,5267,0.9462692234668691,0.0537307765331308,17.6113074204947,26,1,5.21669341894061,3.53356890459364,0,0,0.0,0.0,9,0,1.8057784911717496,0.0,11,1,2.207062600321027,3.53356890459364,1.6831245143469697,0.0,1.8057784911717496,-1.3265063042726126
ep_152_whisperx_diarized.gender.host_guest,FEMALE->MALE,female,male,1348,6522,7870,0.1712833545108005,0.8287166454891995,0.2066850659306961,3,27,2.225519287833828,4.139834406623735,0,10,0.0,1.5332720024532351,3,1,2.225519287833828,0.1533272002453235,5,3,3.70919881305638,0.4599816007359705,-1.914315118789907,-1.5332720024532351,2.0721920875885047,3.24921721232041
ep_330_whisperx_diarized.gender.host_guest,FEMALE->FEMALE,female,female,3971,7229,11200,0.3545535714285714,0.6454464285714285,0.5493152579886568,28,61,7.051120624527827,8.438234887259648,3,4,0.7554772097708385,0.5533268778530916,5,6,1.2591286829513977,0.8299903167796375,15,14,3.777386048854193,1.936644072485821,-1.3871142627318216,0.2021503319177469,0.42913836617176015,1.8407419763683721
ep_018_whisperx_diarized.gender.host_guest,FEMALE->MALE,female,male,2453,11918,14371,0.1706909748799666,0.8293090251200333,0.2058231246853498,17,188,6.930289441500204,15.774458801812386,1,11,0.4076640847941296,0.9229736532975332,3,0,1.2229922543823888,0.0,6,33,2.4459845087647776,2.7689209598925992,-8.844169360312183,-0.5153095685034037,1.2229922543823888,-0.32293645112782166
ep_320_whisperx_diarized.gender.host_guest,FEMALE->MALE,female,male,910,5388,6298,0.1444903143855192,0.8555096856144808,0.1688938381588715,3,42,3.2967032967032965,7.795100222717149,0,2,0.0,0.3711952487008166,4,1,4.395604395604396,0.1855976243504083,2,7,2.197802197802198,1.2991833704528584,-4.498396926013853,-0.3711952487008166,4.210006771253988,0.8986188273493396
ep_197_whisperx_diarized.gender.host_guest,MALE->FEMALE,male,female,2814,7202,10016,0.2809504792332268,0.7190495207667732,0.3907247986670369,8,15,2.8429282160625444,2.082754790336017,6,17,2.1321961620469083,2.360455429047487,6,2,2.1321961620469083,0.277700638711469,2,11,0.7107320540156361,1.5273535129130795,0.7601734257265274,-0.22825926700057853,1.8544955233354394,-0.8166214588974434
ep_289_whisperx_diarized.gender.host_guest,MALE->FEMALE,male,female,4739,6590,11329,0.4183069997351928,0.5816930002648071,0.7191198786039453,15,48,3.165224730955898,7.283763277693476,8,9,1.688119856509812,1.3657056145675264,5,6,1.0550749103186323,0.9104704097116844,9,3,1.8991348385735387,0.4552352048558422,-4.118538546737578,0.3224142419422855,0.14460450060694796,1.4438996337176966
ep_141_whisperx_diarized.gender.host_guest,FEMALE->FEMALE,female,female,2224,6040,8264,0.2691190706679574,0.7308809293320426,0.3682119205298013,6,143,2.697841726618705,23.67549668874172,3,8,1.3489208633093526,1.3245033112582782,1,2,0.4496402877697842,0.3311258278145695,7,11,3.147482014388489,1.8211920529801329,-20.977654962123015,0.02441755205107432,0.1185144599552147,1.3262899614083563
ep_360_whisperx_diarized.gender.host_guest,FEMALE->FEMALE,female,female,1621,8753,10374,0.1562560246770773,0.8437439753229227,0.1851936478921512,16,40,9.870450339296733,4.569861761681708,6,3,3.7014188772362737,0.3427396321261282,6,10,3.7014188772362737,1.142465440420427,4,16,2.4676125848241828,1.827944704672684,5.3005885776150246,3.3586792451101455,2.5589534368158464,0.6396678801514988
ep_022_whisperx_diarized.gender.host_guest,FEMALE->MALE,female,male,2736,5290,8026,0.3408921006728133,0.6591078993271866,0.5172022684310019,14,18,5.116959064327485,3.402646502835539,1,1,0.3654970760233917,0.1890359168241966,12,3,4.385964912280701,0.5671077504725898,2,31,0.7309941520467835,5.860113421550095,1.7143125614919463,0.1764611591991951,3.8188571618081113,-5.129119269503311
ep_116_whisperx_diarized.gender.host_guest,FEMALE->MALE,female,male,1935,9319,11254,0.1719388661809134,0.8280611338190865,0.2076403047537289,15,160,7.751937984496124,17.169224165683012,1,18,0.5167958656330749,1.931537718639339,3,6,1.550387596899225,0.643845906213113,3,19,1.550387596899225,2.0388453696748576,-9.417286181186888,-1.414741853006264,0.9065416906861119,-0.48845777277563274
ep_355_whisperx_diarized.gender.host_guest,FEMALE->FEMALE,female,female,2217,8229,10446,0.2122343480758185,0.7877656519241815,0.2694130514035727,28,99,12.629679747406405,12.030623405030989,4,9,1.8042399639152007,1.093693036820999,9,5,4.059539918809201,0.6076072426783328,3,20,1.353179972936401,2.430428970713331,0.599056342375416,0.7105469270942018,3.4519326761308684,-1.0772489977769302
ep_097_whisperx_diarized.gender.host_guest,MALE->FEMALE,male,female,3772,4647,8419,0.4480342083382824,0.5519657916617176,0.8117064772971809,31,17,8.21845174973489,3.658274155369056,5,2,1.325556733828208,0.4303851947493006,2,0,0.5302226935312832,0.0,6,0,1.5906680805938496,0.0,4.560177594365833,0.8951715390789073,0.5302226935312832,1.5906680805938496
ep_164_whisperx_diarized.gender.host_guest,MALE->FEMALE,male,female,4521,9868,14389,0.3141983459587185,0.6858016540412816,0.4581475476286988,17,48,3.7602300376023,4.864207539521686,2,10,0.4423800044238,1.0133765707336846,5,3,1.1059500110595002,0.3040129712201054,4,0,0.8847600088476001,0.0,-1.1039775019193865,-0.5709965663098846,0.8019370398393948,0.8847600088476001
ep_129_whisperx_diarized.gender.host_guest,FEMALE->FEMALE,female,female,1714,11234,12948,0.132375656472042,0.867624343527958,0.1525725476232864,11,67,6.417736289381563,5.964037742567207,1,9,0.5834305717619602,0.8011393982552965,4,9,2.333722287047841,0.8011393982552965,0,12,0.0,1.0681858643403952,0.45369854681435573,-0.21770882649333623,1.5325828887925446,-1.0681858643403952
ep_113_whisperx_diarized.gender.host_guest,MALE->MALE,male,male,2351,5916,8267,0.2843836942058788,0.7156163057941212,0.3973968897903989,7,18,2.9774564015312635,3.042596348884381,0,4,0.0,0.676132521974307,6,2,2.552105487026797,0.3380662609871535,0,1,0.0,0.1690331304935767,-0.06513994735311757,-0.676132521974307,2.2140392260396435,-0.1690331304935767
ep_185_whisperx_diarized.gender.host_guest,MALE->FEMALE,male,female,3985,8063,12048,0.3307602921646746,0.6692397078353254,0.4942329157881682,21,35,5.269761606022585,4.340816073421803,3,5,0.752823086574655,0.6201165819174004,3,4,0.752823086574655,0.4960932655339203,3,10,0.752823086574655,1.2402331638348008,0.9289455326007818,0.13270650465725464,0.2567298210407347,-0.48741007726014574
ep_135_whisperx_diarized.gender.host_guest,FEMALE->MALE,female,male,2103,7401,9504,0.2212752525252525,0.7787247474747475,0.2841507904337251,7,57,3.328578221588208,7.701661937576003,1,7,0.475511174512601,0.9458181326847724,6,5,2.8530670470756063,0.6755843804891231,6,14,2.8530670470756063,1.8916362653695449,-4.373083715987795,-0.47030695817217144,2.1774826665864833,0.9614307817060614
ep_359_whisperx_diarized.gender.host_guest,FEMALE->FEMALE,female,female,1730,7834,9564,0.1808866583019657,0.8191133416980343,0.2208322695940771,21,107,12.13872832369942,13.658412050038296,2,12,1.1560693641618498,1.5317845289762573,7,9,4.0462427745664735,1.148838396732193,1,15,0.5780346820809249,1.9147306612203217,-1.5196837263388758,-0.3757151648144075,2.8974043778342806,-1.3366959791393969
ep_260_whisperx_diarized.gender.host_guest,MALE->MALE,male,male,2119,6913,9032,0.2346102745792737,0.7653897254207263,0.3065239404021408,3,11,1.415762151958471,1.5912049761319254,1,5,0.4719207173194903,0.7232749891508752,8,7,3.775365738555923,1.0125849848112252,1,3,0.4719207173194903,0.4339649934905251,-0.17544282417345425,-0.25135427183138487,2.762780753744698,0.03795572382896523
ep_255_whisperx_diarized.gender.host_guest,MALE->FEMALE,male,female,2971,7240,10211,0.2909607286259916,0.7090392713740085,0.4103591160220994,17,73,5.72197913160552,10.082872928176796,0,7,0.0,0.966850828729282,4,4,1.3463480309660047,0.5524861878453039,3,14,1.0097610232245036,1.933701657458564,-4.3608937965712755,-0.966850828729282,0.7938618431207008,-0.9239406342340604
ep_056_whisperx_diarized.gender.host_guest,MALE->MALE,male,male,5279,29936,35215,0.149907709782763,0.850092290217237,0.1763428647781934,65,265,12.312938056450085,8.852218065205772,6,28,1.1365788975184694,0.9353287012292892,9,5,1.704868346277704,0.167022982362373,9,35,1.704868346277704,1.1691608765366113,3.4607199912443125,0.20125019628918017,1.5378453639153309,0.5357074697410926
ep_345_whisperx_diarized.gender.host_guest,FEMALE->MALE,female,male,2424,9324,11748,0.2063329928498467,0.7936670071501533,0.25997425997426,11,36,4.537953795379538,3.861003861003861,3,5,1.2376237623762376,0.5362505362505362,2,4,0.8250825082508251,0.429000429000429,6,6,2.4752475247524752,0.6435006435006435,0.6769499343756773,0.7013732261257014,0.39608207925039607,1.8317468812518318
ep_023_whisperx_diarized.gender.host_guest,MALE->MALE,male,male,2845,6608,9453,0.3009626573574526,0.6990373426425474,0.4305387409200968,23,47,8.084358523725836,7.1125907990314765,3,8,1.0544815465729351,1.2106537530266344,4,2,1.40597539543058,0.3026634382566586,8,4,2.81195079086116,0.6053268765133172,0.9717677246943595,-0.15617220645369922,1.1033119571739214,2.2066239143478428
ep_078_whisperx_diarized.gender.host_guest,MALE->FEMALE,male,female,2924,8746,11670,0.2505569837189374,0.7494430162810626,0.3343242625200091,20,32,6.839945280437757,3.658815458495312,4,3,1.3679890560875512,0.3430139492339355,2,4,0.6839945280437756,0.457351932311914,7,4,2.3939808481532148,0.457351932311914,3.1811298219424446,1.0249751068536157,0.22664259573186157,1.9366289158413008
ep_356_whisperx_diarized.gender.host_guest,FEMALE->FEMALE,female,female,2747,8114,10861,0.2529233035632078,0.7470766964367922,0.3385506531920138,30,94,10.921004732435383,11.584914961794428,12,29,4.368401892974154,3.5740695094897705,6,13,2.184200946487077,1.6021690904609318,3,13,1.0921004732435384,1.6021690904609318,-0.6639102293590451,0.7943323834843832,0.582031856026145,-0.5100686172173934
ep_275_whisperx_diarized.gender.host_guest,MALE->MALE,male,male,2985,21726,24711,0.1207964064586621,0.8792035935413378,0.1373929853631593,10,96,3.3500837520938025,4.418668876001105,2,18,0.6700167504187605,0.828500414250207,7,8,2.345058626465661,0.3682224063334254,3,45,1.0050251256281408,2.071251035625518,-1.0685851239073023,-0.15848366383144652,1.9768362201322356,-1.066225909997377
ep_204_whisperx_diarized.gender.host_guest,MALE->FEMALE,male,female,4226,14165,18391,0.2297863085204719,0.770213691479528,0.2983409812919167,19,22,4.4959772834832,1.5531238969290506,4,10,0.946521533364884,0.7059654076950229,5,6,1.183151916706105,0.4235792446170137,1,13,0.236630383341221,0.91775503000353,2.94285338655415,0.24055612566986107,0.7595726720890914,-0.681124646662309
ep_329_whisperx_diarized.gender.host_guest,FEMALE->FEMALE,female,female,1653,13145,14798,0.1117042843627517,0.8882957156372483,0.1257512362114872,6,70,3.629764065335753,5.3252187143400525,3,3,1.8148820326678765,0.2282236591860023,7,18,4.2347247428917125,1.3693419551160138,3,13,1.8148820326678765,0.9889691898060098,-1.6954546490042994,1.5866583734818742,2.8653827877756988,0.8259128428618667
ep_163_whisperx_diarized.gender.host_guest,MALE->FEMALE,male,female,4403,14772,19175,0.2296219035202086,0.7703780964797914,0.2980639046845383,17,59,3.861003861003861,3.994042783644733,7,10,1.589825119236884,0.6769564040075818,9,17,2.04406086759028,1.150825886812889,9,16,2.04406086759028,1.083130246412131,-0.13303892264087214,0.9128687152293021,0.8932349807773909,0.960930621178149
ep_273_whisperx_diarized.gender.host_guest,MALE->MALE,male,male,4039,7015,11054,0.3653880948073095,0.6346119051926904,0.5757662152530292,15,30,3.7137905422134194,4.276550249465432,3,5,0.7427581084426839,0.7127583749109052,4,2,0.9903441445902452,0.2851033499643621,2,5,0.4951720722951225,0.7127583749109052,-0.5627597072520123,0.02999973353177865,0.7052407946258832,-0.2175863026157827
ep_207_whisperx_diarized.gender.host_guest,MALE->FEMALE,male,female,4824,11806,16630,0.2900781719783524,0.7099218280216476,0.4086057936642385,17,39,3.5240464344941955,3.303405048280536,4,12,0.8291873963515755,1.0164323225478569,6,11,1.243781094527363,0.9317296290022022,3,5,0.6218905472636815,0.4235134677282737,0.22064138621365936,-0.1872449261962814,0.31205146552516083,0.19837707953540784
ep_002_whisperx_diarized.gender.host_guest,MALE->FEMALE,male,female,2446,14292,16738,0.1461345441510335,0.8538654558489664,0.1711446963336132,18,276,7.358953393295176,19.31150293870697,3,28,1.226492232215863,1.9591379792891128,6,7,2.4529844644317254,0.4897844948222781,0,27,0.0,1.889168765743073,-11.952549545411793,-0.7326457470732499,1.9631999696094473,-1.889168765743073
ep_102_whisperx_diarized.gender.host_guest,MALE->MALE,male,male,4986,17376,22362,0.2229675342098202,0.7770324657901798,0.2869475138121547,36,16,7.220216606498195,0.9208103130755064,5,7,1.0028078620136385,0.402854511970534,5,7,1.0028078620136385,0.402854511970534,16,23,3.208985158443642,1.3236648250460403,6.299406293422689,0.5999533500431045,0.5999533500431045,1.8853203333976016
ep_024_whisperx_diarized.gender.host_guest,FEMALE->MALE,female,male,469,9151,9620,0.0487525987525987,0.9512474012474011,0.0512512293738389,4,35,8.528784648187633,3.82471860998798,0,1,0.0,0.1092776745710851,4,5,8.528784648187633,0.5463883728554256,1,46,2.1321961620469083,5.026773030269916,4.704066038199653,-0.1092776745710851,7.982396275332207,-2.8945768682230075
ep_358_whisperx_diarized.gender.host_guest,FEMALE->FEMALE,female,female,1614,8398,10012,0.161206552137435,0.8387934478625649,0.1921886163372231,24,85,14.869888475836431,10.121457489878544,1,3,0.6195786864931846,0.3572279114074779,7,12,4.337050805452293,1.4289116456299118,2,15,1.2391573729863692,1.78613955703739,4.748430985957887,0.2623507750857067,2.9081391598223814,-0.5469821840510207
ep_151_whisperx_diarized.gender.host_guest,FEMALE->MALE,female,male,992,7018,8010,0.1238451935081148,0.8761548064918852,0.1413508121972072,0,51,0.0,7.267027643203192,0,3,0.0,0.4274722143060701,5,14,5.040322580645161,1.994870333428327,1,5,1.0080645161290325,0.7124536905101168,-7.267027643203192,-0.4274722143060701,3.0454522472168337,0.2956108256189157
ep_032_whisperx_diarized.gender.host_guest,MALE->FEMALE,male,female,5414,15846,21260,0.254656632173095,0.745343367826905,0.3416635112962262,25,134,4.617657923900997,8.456392780512433,5,6,0.9235315847801996,0.3786444528587656,5,10,0.9235315847801996,0.6310740880979427,11,33,2.031769486516439,2.082544490723211,-3.8387348566114357,0.544887131921434,0.29245749668225685,-0.050775004206772056
