test,statistic,p_value,dof,notes
chi_square_followup_by_gender,30.421982520254552,3.47567094732886e-08,1.0,"H0: follow-up (binary) is independent of initiator gender. NAIVE: does not account for episode clustering -- treat as descriptive only, not the significance test of record."
welch_ttest_similarity_by_gender,6.100229018100047,1.0909993154073507e-09,,"male mean sim=0.0544 (n=6444), female mean sim=0.0419 (n=6129). NAIVE: does not account for episode clustering, see paired episode-level tests below."
mixedlm_similarity_intercept,14.13466804546947,2.3222645343772812e-45,,"coef=0.0358, se=0.0025 (outcome: outgoing similarity; mixed-effects model, random intercept per episode + per speaker nested in episode; 100 episodes, 200 speakers)"
mixedlm_similarity_is_male_initiator,0.9727268586094701,0.33068907268512127,,"coef=0.0030, se=0.0030 (outcome: outgoing similarity; mixed-effects model, random intercept per episode + per speaker nested in episode; 100 episodes, 200 speakers)"
mixedlm_similarity_initiator_word_count,-0.6030248395823203,0.5464921648606414,,"coef=-0.0000, se=0.0000 (outcome: outgoing similarity; mixed-effects model, random intercept per episode + per speaker nested in episode; 100 episodes, 200 speakers)"
mixedlm_similarity_is_host_initiator,6.028747955419417,1.652347404833471e-09,,"coef=0.0187, se=0.0031 (outcome: outgoing similarity; mixed-effects model, random intercept per episode + per speaker nested in episode; 100 episodes, 200 speakers)"
gee_followedup_intercept,-18.76868934365368,1.3620448386340477e-78,,"coef=-1.0496, se=0.0559 (outcome: followed_up 0/1; GEE, exchangeable correlation clustered by episode_id, 100 clusters)"
gee_followedup_is_male_initiator,-1.8810193540694473,0.0599692861353946,,"coef=-0.1166, se=0.0620 (outcome: followed_up 0/1; GEE, exchangeable correlation clustered by episode_id, 100 clusters)"
gee_followedup_initiator_word_count,10.339586306546218,4.665471800729076e-25,,"coef=0.0094, se=0.0009 (outcome: followed_up 0/1; GEE, exchangeable correlation clustered by episode_id, 100 clusters)"
gee_followedup_is_host_initiator,13.448667914918767,3.1346845215903903e-41,,"coef=0.7840, se=0.0583 (outcome: followed_up 0/1; GEE, exchangeable correlation clustered by episode_id, 100 clusters)"
glmm_followedup_intercept,-41.18325965021326,0.0,,"coef=-0.7763 (log-odds), sd=0.0189 (outcome: followed_up 0/1; variational Bayes GLMM, random intercept per episode + per speaker nested in episode -- SDs likely anti-conservative, see caveat above; not the test of record)"
glmm_followedup_is_male_initiator,-5.856703574102444,4.7214474552248475e-09,,"coef=-0.1520 (log-odds), sd=0.0260 (outcome: followed_up 0/1; variational Bayes GLMM, random intercept per episode + per speaker nested in episode -- SDs likely anti-conservative, see caveat above; not the test of record)"
glmm_followedup_word_count_z,23.884397307726864,0.0,,"coef=0.6366 (log-odds), sd=0.0267 (outcome: followed_up 0/1; variational Bayes GLMM, random intercept per episode + per speaker nested in episode -- SDs likely anti-conservative, see caveat above; not the test of record)"
glmm_followedup_is_host_initiator,34.40727193869345,0.0,,"coef=0.8468 (log-odds), sd=0.0246 (outcome: followed_up 0/1; variational Bayes GLMM, random intercept per episode + per speaker nested in episode -- SDs likely anti-conservative, see caveat above; not the test of record)"
paired_ttest_episode_followup_rate,-0.3260584307806366,0.7450683718698319,99.0,"male mean=0.4169, female mean=0.4225 (n=100 episodes with both initiator genders)"
paired_wilcoxon_episode_followup_rate,2482.5,0.883819280539326,,non-parametric confirmation of paired_ttest_episode_followup_rate
permutation_test_episode_followup_rate,-0.005584343065911617,0.7443255674432556,,"observed male-female diff=-0.0056; two-sided p from 10000 sign-flip permutations of the 100 paired episodes (H0: which side of each episode's pair is labeled ""male"" vs. ""female"" is arbitrary)"
paired_ttest_episode_similarity,0.37378206437125466,0.7093657467074158,99.0,"male mean=0.0454, female mean=0.0442 (n=100 episodes with both initiator genders)"
paired_wilcoxon_episode_similarity,2419.0,0.7155127213140642,,non-parametric confirmation of paired_ttest_episode_similarity
permutation_test_episode_similarity,0.0011344498685706276,0.6993300669933007,,"observed male-female diff=0.0011; two-sided p from 10000 sign-flip permutations of the 100 paired episodes (H0: which side of each episode's pair is labeled ""male"" vs. ""female"" is arbitrary)"
robustness_threshold_0.05,,,,"follow-up rate by gender @ threshold 0.05: female=0.218, male=0.258"
robustness_threshold_0.1,,,,"follow-up rate by gender @ threshold 0.1: female=0.120, male=0.154"
robustness_threshold_0.2,,,,"follow-up rate by gender @ threshold 0.2: female=0.051, male=0.074"
