episode_id,dyad,host_gender,guest_gender,host_acknowledge,guest_acknowledge,host_answer,guest_answer,host_ask,guest_ask,host_ask_yes_no,guest_ask_yes_no,host_backchannel,guest_backchannel,host_exclaim,guest_exclaim,host_hold,guest_hold,host_intent,guest_intent,host_reply_no,guest_reply_no,host_reply_yes,guest_reply_yes,host_say,guest_say
ep_002_whisperx_diarized.gender.host_guest,MALE->FEMALE,male,female,0.0252100840336134,0.0155172413793103,0.2689075630252101,0.1818965517241379,0.407563025210084,0.0508620689655172,0.0168067226890756,0.0034482758620689,0.0126050420168067,0.0086206896551724,0.0084033613445378,0.0025862068965517,0.0,0.0025862068965517,0.0294117647058823,0.0068965517241379,0.0,0.0,0.0210084033613445,0.0275862068965517,0.2100840336134453,0.7
ep_009_whisperx_diarized.gender.host_guest,MALE->FEMALE,male,female,0.046583850931677,0.0144927536231884,0.4813664596273292,0.4202898550724637,0.124223602484472,0.0676328502415458,0.0,0.0,0.0093167701863354,0.0,0.0,0.001610305958132,0.0,0.0,0.031055900621118,0.0209339774557165,0.0,0.0,0.0248447204968944,0.0161030595813204,0.2826086956521739,0.4589371980676328
ep_011_whisperx_diarized.gender.host_guest,FEMALE->FEMALE,female,female,0.006578947368421,0.0080515297906602,0.2894736842105263,0.3462157809983897,0.2302631578947368,0.0660225442834138,0.0,0.0,0.0131578947368421,0.0048309178743961,0.0197368421052631,0.0,0.0,0.0,0.006578947368421,0.0112721417069243,0.0,0.001610305958132,0.0723684210526315,0.0209339774557165,0.3618421052631579,0.5410628019323671
ep_013_whisperx_diarized.gender.host_guest,FEMALE->FEMALE,female,female,0.0223880597014925,0.0064794816414686,0.3656716417910448,0.1965442764578833,0.3432835820895522,0.0367170626349892,0.0074626865671641,0.0043196544276457,0.0074626865671641,0.0021598272138228,0.0,0.0,0.0,0.0,0.0074626865671641,0.0021598272138228,0.0,0.0,0.0373134328358208,0.0172786177105831,0.208955223880597,0.734341252699784
ep_014_whisperx_diarized.gender.host_guest,MALE->FEMALE,male,female,0.0287907869481765,0.0233183856502242,0.4357005758157389,0.3452914798206278,0.2072936660268714,0.0520179372197309,0.0,0.0,0.0115163147792706,0.0053811659192825,0.0038387715930902,0.0017937219730941,0.0019193857965451,0.0,0.0249520153550863,0.0098654708520179,0.0,0.000896860986547,0.0134357005758157,0.0197309417040358,0.272552783109405,0.5417040358744395
ep_015_whisperx_diarized.gender.host_guest,FEMALE->FEMALE,female,female,0.0224719101123595,0.0175824175824175,0.3651685393258427,0.3725274725274725,0.1797752808988764,0.0516483516483516,0.0,0.0021978021978021,0.0056179775280898,0.0032967032967032,0.0,0.0,0.0,0.0,0.0224719101123595,0.012087912087912,0.0056179775280898,0.0043956043956043,0.0393258426966292,0.0142857142857142,0.3595505617977528,0.521978021978022
ep_016_whisperx_diarized.gender.host_guest,MALE->FEMALE,male,female,0.0407608695652173,0.0112994350282485,0.328804347826087,0.455743879472693,0.2907608695652174,0.0951035781544256,0.0,0.0,0.0054347826086956,0.0065913370998116,0.0,0.0,0.0,0.0,0.0326086956521739,0.019774011299435,0.0108695652173913,0.0018832391713747,0.0326086956521739,0.0103578154425612,0.2581521739130434,0.3992467043314501
ep_017_whisperx_diarized.gender.host_guest,MALE->FEMALE,male,female,0.0593849416755037,0.0543909348441926,0.376458112407211,0.3654390934844193,0.1304347826086956,0.0662889518413597,0.0042417815482502,0.0005665722379603,0.0084835630965005,0.0124645892351274,0.0116648992576882,0.0022662889518413,0.0010604453870625,0.0011331444759206,0.0222693531283138,0.0113314447592068,0.0053022269353128,0.0022662889518413,0.0233297985153764,0.0362606232294617,0.3573700954400848,0.4475920679886686
ep_018_whisperx_diarized.gender.host_guest,FEMALE->MALE,female,male,0.0362694300518134,0.0166666666666666,0.3264248704663212,0.2833333333333333,0.2901554404145077,0.0866666666666666,0.0,0.0033333333333333,0.005181347150259,0.0077777777777777,0.0,0.0,0.0,0.0,0.0466321243523316,0.0066666666666666,0.0,0.0033333333333333,0.0259067357512953,0.0166666666666666,0.2694300518134715,0.5755555555555556
ep_019_whisperx_diarized.gender.host_guest,MALE->MALE,male,male,0.0830188679245283,0.0440729483282674,0.2981132075471698,0.2462006079027355,0.1509433962264151,0.0425531914893617,0.0113207547169811,0.0,0.030188679245283,0.033434650455927,0.0,0.0030395136778115,0.0,0.0,0.0113207547169811,0.0030395136778115,0.0,0.0015197568389057,0.0226415094339622,0.0349544072948328,0.3924528301886792,0.5911854103343465
ep_022_whisperx_diarized.gender.host_guest,FEMALE->MALE,female,male,0.0346820809248554,0.0211864406779661,0.3815028901734104,0.4435028248587571,0.0982658959537572,0.057909604519774,0.0,0.001412429378531,0.0086705202312138,0.0056497175141242,0.0144508670520231,0.0028248587570621,0.0,0.0,0.0462427745664739,0.0225988700564971,0.0,0.001412429378531,0.0144508670520231,0.0084745762711864,0.4017341040462427,0.4350282485875706
ep_023_whisperx_diarized.gender.host_guest,MALE->MALE,male,male,0.0530612244897959,0.0204081632653061,0.5387755102040817,0.6081632653061224,0.0448979591836734,0.036734693877551,0.0,0.0,0.0040816326530612,0.0020408163265306,0.0,0.0,0.0,0.0,0.0530612244897959,0.0040816326530612,0.0,0.0,0.0244897959183673,0.0061224489795918,0.2816326530612245,0.3224489795918367
ep_024_whisperx_diarized.gender.host_guest,FEMALE->MALE,female,male,0.1758241758241758,0.0064575645756457,0.3296703296703296,0.4132841328413284,0.2747252747252747,0.0202952029520295,0.0,0.0,0.0109890109890109,0.003690036900369,0.0,0.0009225092250922,0.0,0.0,0.0219780219780219,0.011070110701107,0.0,0.0,0.0109890109890109,0.0046125461254612,0.1758241758241758,0.5396678966789668
ep_027_whisperx_diarized.gender.host_guest,MALE->MALE,male,male,0.05,0.0412451361867704,0.3375,0.4949416342412451,0.184375,0.0809338521400778,0.003125,0.0,0.015625,0.0085603112840466,0.003125,0.0,0.0,0.0,0.05625,0.0303501945525291,0.003125,0.001556420233463,0.053125,0.0171206225680933,0.29375,0.3252918287937743
ep_028_whisperx_diarized.gender.host_guest,MALE->MALE,male,male,0.0611510791366906,0.0219683655536028,0.237410071942446,0.2592267135325132,0.302158273381295,0.0790861159929701,0.0071942446043165,0.0026362038664323,0.014388489208633,0.0008787346221441,0.0071942446043165,0.0,0.0035971223021582,0.0,0.0287769784172661,0.0114235500878734,0.0,0.0008787346221441,0.0323741007194244,0.0210896309314587,0.3057553956834532,0.6028119507908611
ep_030_whisperx_diarized.gender.host_guest,MALE->FEMALE,male,female,0.0297872340425531,0.0375747224594363,0.251063829787234,0.3458582408198121,0.2326241134751773,0.0734415029888983,0.0028368794326241,0.0008539709649871,0.0127659574468085,0.009393680614859,0.0042553191489361,0.0,0.0,0.0008539709649871,0.0482269503546099,0.0111016225448334,0.0,0.0051238257899231,0.0184397163120567,0.0230572160546541,0.4,0.4927412467976089
ep_031_whisperx_diarized.gender.host_guest,FEMALE->MALE,female,male,0.060931899641577,0.0333333333333333,0.3548387096774194,0.4666666666666667,0.2186379928315412,0.0969696969696969,0.003584229390681,0.0045454545454545,0.0,0.0015151515151515,0.0,0.0015151515151515,0.0,0.0,0.003584229390681,0.009090909090909,0.0,0.0,0.039426523297491,0.0212121212121212,0.3189964157706093,0.3651515151515151
ep_032_whisperx_diarized.gender.host_guest,MALE->FEMALE,male,female,0.0498614958448753,0.0157894736842105,0.3490304709141274,0.3926315789473684,0.2049861495844875,0.0557894736842105,0.0041551246537396,0.0005263157894736,0.0110803324099723,0.001578947368421,0.0013850415512465,0.0,0.0,0.0,0.0249307479224376,0.011578947368421,0.002770083102493,0.0031578947368421,0.0277008310249307,0.0242105263157894,0.3240997229916897,0.4947368421052631
ep_033_whisperx_diarized.gender.host_guest,MALE->MALE,male,male,0.0603248259860788,0.0271691498685363,0.3039443155452436,0.4110429447852761,0.2204176334106728,0.0832602979842243,0.0023201856148491,0.0008764241893076,0.0069605568445475,0.0087642418930762,0.0,0.0,0.0,0.0,0.062645011600928,0.0341805433829973,0.0023201856148491,0.0008764241893076,0.0417633410672853,0.0184049079754601,0.2993039443155452,0.4154250657318142
ep_034_whisperx_diarized.gender.host_guest,MALE->MALE,male,male,0.0414201183431952,0.0198830409356725,0.4497041420118343,0.5298245614035088,0.2603550295857988,0.0923976608187134,0.0,0.0,0.0236686390532544,0.0070175438596491,0.0,0.0,0.0,0.0,0.0532544378698224,0.0526315789473684,0.0,0.0011695906432748,0.0177514792899408,0.0093567251461988,0.1538461538461538,0.287719298245614
ep_039_whisperx_diarized.gender.host_guest,MALE->MALE,male,male,0.0407315045719035,0.0406461698801459,0.4314214463840399,0.4340802501302762,0.1163757273482959,0.0833767587285044,0.0,0.0010422094841063,0.0174563591022443,0.0177175612298071,0.0008312551953449,0.0010422094841063,0.0,0.0,0.0299251870324189,0.0041688379364252,0.0008312551953449,0.0005211047420531,0.0241064006650041,0.0291818655549765,0.3383208645054031,0.3882230328295987
ep_042_whisperx_diarized.gender.host_guest,MALE->FEMALE,male,female,0.0657534246575342,0.0348484848484848,0.319634703196347,0.325,0.1214611872146118,0.084090909090909,0.0009132420091324,0.0015151515151515,0.0155251141552511,0.0098484848484848,0.0,0.0007575757575757,0.0,0.0,0.0146118721461187,0.0159090909090909,0.0009132420091324,0.0022727272727272,0.028310502283105,0.0287878787878787,0.4328767123287671,0.4969696969696969
ep_043_whisperx_diarized.gender.host_guest,MALE->FEMALE,male,female,0.0583941605839416,0.0454976303317535,0.3114355231143552,0.3601895734597156,0.145985401459854,0.0976303317535545,0.0024330900243309,0.0047393364928909,0.024330900243309,0.0123222748815165,0.0072992700729927,0.0009478672985781,0.0,0.0009478672985781,0.0170316301703163,0.0473933649289099,0.0024330900243309,0.0,0.0316301703163017,0.0218009478672985,0.3990267639902676,0.4085308056872038
ep_047_whisperx_diarized.gender.host_guest,MALE->MALE,male,male,0.0350877192982456,0.0141218005295675,0.5112781954887218,0.5454545454545454,0.1528822055137844,0.0829655781112091,0.0025062656641604,0.0008826125330979,0.0100250626566416,0.0088261253309797,0.0075187969924812,0.0,0.0,0.0,0.0350877192982456,0.0194174757281553,0.0025062656641604,0.0008826125330979,0.0200501253132832,0.0079435127978817,0.2230576441102756,0.3195057369814651
ep_048_whisperx_diarized.gender.host_guest,MALE->MALE,male,male,0.0283286118980169,0.0154894671623296,0.5127478753541076,0.6059479553903345,0.1331444759206798,0.0570012391573729,0.0,0.0006195786864931,0.0226628895184136,0.0154894671623296,0.0,0.0,0.0,0.0,0.0679886685552408,0.0148698884758364,0.0,0.0012391573729863,0.0056657223796034,0.0055762081784386,0.2294617563739376,0.2837670384138785
ep_049_whisperx_diarized.gender.host_guest,MALE->MALE,male,male,0.0614035087719298,0.0113528855250709,0.3771929824561403,0.3642384105960264,0.175438596491228,0.0804162724692526,0.0087719298245614,0.0047303689687795,0.0175438596491228,0.0037842951750236,0.0,0.0009460737937559,0.0,0.0009460737937559,0.1052631578947368,0.0189214758751182,0.0087719298245614,0.0009460737937559,0.0614035087719298,0.0113528855250709,0.1842105263157894,0.5023651844843898
ep_052_whisperx_diarized.gender.host_guest,MALE->FEMALE,male,female,0.0465116279069767,0.0145118733509234,0.4186046511627907,0.5395778364116095,0.2491694352159468,0.1055408970976253,0.0033222591362126,0.0,0.0199335548172757,0.0065963060686015,0.0,0.0,0.0,0.0,0.0564784053156146,0.0171503957783641,0.0099667774086378,0.0052770448548812,0.0332225913621262,0.0145118733509234,0.1627906976744186,0.2968337730870712
ep_053_whisperx_diarized.gender.host_guest,MALE->FEMALE,male,female,0.0652920962199312,0.0172413793103448,0.4140893470790378,0.4386206896551724,0.1546391752577319,0.1137931034482758,0.0,0.0013793103448275,0.0154639175257731,0.0048275862068965,0.0051546391752577,0.0020689655172413,0.0,0.0,0.0309278350515463,0.0317241379310344,0.0,0.0006896551724137,0.049828178694158,0.0158620689655172,0.2646048109965636,0.3737931034482759
ep_055_whisperx_diarized.gender.host_guest,MALE->FEMALE,male,female,0.0677685950413223,0.0307941653160453,0.2743801652892562,0.2928146947595894,0.2644628099173554,0.0551053484602917,0.0033057851239669,0.0005402485143165,0.0347107438016528,0.0151269584008643,0.0082644628099173,0.0,0.0,0.0,0.0165289256198347,0.0156672069151809,0.0,0.0016207455429497,0.028099173553719,0.035116153430578,0.3024793388429752,0.5532144786601837
ep_056_whisperx_diarized.gender.host_guest,MALE->MALE,male,male,0.1062394603709949,0.0268644747393745,0.2799325463743676,0.2806736166800321,0.1062394603709949,0.1050521251002405,0.0016863406408094,0.0056134723336006,0.0202360876897133,0.0084202085004009,0.0016863406408094,0.0,0.0,0.0008019246190858,0.0303541315345699,0.0152365677626303,0.0033726812816188,0.0008019246190858,0.0489038785834738,0.0152365677626303,0.4013490725126475,0.541299117882919
ep_057_whisperx_diarized.gender.host_guest,MALE->FEMALE,male,female,0.0645833333333333,0.018596787827557,0.36875,0.4023668639053254,0.1875,0.0642434488588334,0.00625,0.0016906170752324,0.0166666666666666,0.0135249366018596,0.0083333333333333,0.0,0.0,0.0,0.0229166666666666,0.0067624683009298,0.0,0.0016906170752324,0.0104166666666666,0.0287404902789518,0.3145833333333333,0.4623837700760778
ep_061_whisperx_diarized.gender.host_guest,MALE->FEMALE,male,female,0.0565149136577708,0.0209790209790209,0.4003139717425432,0.4417249417249417,0.1255886970172684,0.074009324009324,0.0015698587127158,0.0005827505827505,0.0109890109890109,0.0081585081585081,0.0031397174254317,0.0,0.0,0.0,0.0361067503924646,0.0244755244755244,0.0,0.0011655011655011,0.0094191522762951,0.0256410256410256,0.3563579277864992,0.4032634032634032
ep_062_whisperx_diarized.gender.host_guest,MALE->MALE,male,male,0.0292682926829268,0.0087719298245614,0.4585365853658537,0.5116959064327485,0.2048780487804878,0.0350877192982456,0.0,0.0,0.0048780487804878,0.0019493177387914,0.0,0.0,0.0,0.0,0.0195121951219512,0.0136452241715399,0.0,0.0,0.024390243902439,0.0155945419103313,0.2585365853658536,0.4132553606237816
ep_064_whisperx_diarized.gender.host_guest,MALE->FEMALE,male,female,0.0334821428571428,0.0216216216216216,0.4375,0.4486486486486487,0.2075892857142857,0.0702702702702702,0.0022321428571428,0.0018018018018018,0.015625,0.0135135135135135,0.0044642857142857,0.0018018018018018,0.0,0.0018018018018018,0.0178571428571428,0.0099099099099099,0.0,0.0,0.03125,0.0351351351351351,0.25,0.3954954954954955
ep_066_whisperx_diarized.gender.host_guest,MALE->FEMALE,male,female,0.0413625304136253,0.0379362670713201,0.3211678832116788,0.2898330804248862,0.2043795620437956,0.0713201820940819,0.0024330900243309,0.0,0.0218978102189781,0.0121396054628224,0.0121654501216545,0.0060698027314112,0.0,0.0015174506828528,0.0072992700729927,0.0121396054628224,0.0024330900243309,0.0045523520485584,0.0170316301703163,0.0409711684370258,0.3698296836982968,0.5235204855842185
ep_067_whisperx_diarized.gender.host_guest,MALE->MALE,male,male,0.006060606060606,0.0052631578947368,0.2121212121212121,0.1807017543859649,0.2787878787878788,0.0298245614035087,0.006060606060606,0.0052631578947368,0.0121212121212121,0.0017543859649122,0.0181818181818181,0.0,0.0,0.0,0.0181818181818181,0.0017543859649122,0.006060606060606,0.0035087719298245,0.006060606060606,0.0105263157894736,0.4363636363636363,0.7614035087719299
ep_068_whisperx_diarized.gender.host_guest,MALE->MALE,male,male,0.0086206896551724,0.0025157232704402,0.5517241379310345,0.6,0.146551724137931,0.0415094339622641,0.0,0.0012578616352201,0.0172413793103448,0.0025157232704402,0.0172413793103448,0.0,0.0,0.0,0.0689655172413793,0.0113207547169811,0.0,0.0,0.0086206896551724,0.0088050314465408,0.1810344827586207,0.3320754716981132
ep_071_whisperx_diarized.gender.host_guest,MALE->MALE,male,male,0.0536585365853658,0.0463709677419354,0.551219512195122,0.5443548387096774,0.1560975609756097,0.063508064516129,0.0,0.002016129032258,0.0048780487804878,0.0211693548387096,0.0,0.002016129032258,0.0,0.0,0.0195121951219512,0.0131048387096774,0.0,0.001008064516129,0.0292682926829268,0.0070564516129032,0.1853658536585365,0.2993951612903225
ep_074_whisperx_diarized.gender.host_guest,MALE->FEMALE,male,female,0.0878186968838526,0.0495412844036697,0.3739376770538243,0.4541284403669725,0.0481586402266288,0.0321100917431192,0.0,0.0,0.0226628895184136,0.0137614678899082,0.0056657223796034,0.0027522935779816,0.0014164305949008,0.0009174311926605,0.046742209631728,0.0238532110091743,0.0,0.0,0.0212464589235127,0.0449541284403669,0.3923512747875354,0.3779816513761468
ep_078_whisperx_diarized.gender.host_guest,MALE->FEMALE,male,female,0.0698324022346368,0.0177777777777777,0.3016759776536313,0.3844444444444444,0.1871508379888268,0.0711111111111111,0.0083798882681564,0.0,0.0195530726256983,0.0066666666666666,0.0,0.0,0.0,0.0,0.0418994413407821,0.0044444444444444,0.0,0.0,0.0195530726256983,0.0366666666666666,0.3519553072625698,0.4788888888888888
ep_079_whisperx_diarized.gender.host_guest,MALE->MALE,male,male,0.0623556581986143,0.0277372262773722,0.4295612009237875,0.5021897810218978,0.0831408775981524,0.0802919708029197,0.0023094688221709,0.0014598540145985,0.0069284064665127,0.0065693430656934,0.0023094688221709,0.0007299270072992,0.0,0.0,0.0207852193995381,0.0240875912408759,0.0,0.0,0.0346420323325635,0.0153284671532846,0.3579676674364896,0.3416058394160584
ep_085_whisperx_diarized.gender.host_guest,MALE->MALE,male,male,0.046075085324232,0.0505136986301369,0.356655290102389,0.3955479452054795,0.1860068259385665,0.0839041095890411,0.0017064846416382,0.0042808219178082,0.0170648464163822,0.0196917808219178,0.0,0.0008561643835616,0.0,0.0,0.0238907849829351,0.011986301369863,0.0,0.0017123287671232,0.0341296928327645,0.0419520547945205,0.3344709897610921,0.3895547945205479
ep_088_whisperx_diarized.gender.host_guest,MALE->FEMALE,male,female,0.0511247443762781,0.0659722222222222,0.3353783231083844,0.5104166666666666,0.2515337423312883,0.0381944444444444,0.0020449897750511,0.0034722222222222,0.016359918200409,0.0069444444444444,0.0,0.0,0.0,0.0,0.0224948875255623,0.0138888888888888,0.0020449897750511,0.0104166666666666,0.0122699386503067,0.0243055555555555,0.3067484662576687,0.3263888888888889
ep_092_whisperx_diarized.gender.host_guest,MALE->FEMALE,male,female,0.0434782608695652,0.028125,0.3938618925831202,0.5484375,0.3043478260869565,0.08125,0.0025575447570332,0.0,0.0102301790281329,0.0046875,0.0025575447570332,0.0125,0.0,0.0,0.0306905370843989,0.0328125,0.0025575447570332,0.0,0.0332480818414322,0.03125,0.1764705882352941,0.2609375
ep_093_whisperx_diarized.gender.host_guest,MALE->FEMALE,male,female,0.0341614906832298,0.0223613595706618,0.3874223602484472,0.4677996422182469,0.2546583850931677,0.1229874776386404,0.0023291925465838,0.0004472271914132,0.0124223602484472,0.0102862254025044,0.0038819875776397,0.0040250447227191,0.0,0.0,0.0170807453416149,0.0295169946332737,0.0015527950310559,0.0022361359570661,0.0287267080745341,0.0183363148479427,0.2577639751552795,0.3220035778175313
ep_097_whisperx_diarized.gender.host_guest,MALE->FEMALE,male,female,0.0449735449735449,0.0278293135435992,0.4206349206349206,0.437847866419295,0.2195767195767195,0.0296846011131725,0.0026455026455026,0.0,0.0105820105820105,0.0111317254174397,0.0,0.0,0.0,0.0,0.0238095238095238,0.0074211502782931,0.0026455026455026,0.0074211502782931,0.0105820105820105,0.0222634508348794,0.2645502645502645,0.4564007421150278
ep_098_whisperx_diarized.gender.host_guest,MALE->FEMALE,male,female,0.0334486735870818,0.0398406374501992,0.3656286043829296,0.3697211155378486,0.1580161476355248,0.0677290836653386,0.0034602076124567,0.0,0.0103806228373702,0.0135458167330677,0.0034602076124567,0.0023904382470119,0.0,0.0,0.0207612456747404,0.0119521912350597,0.0069204152249134,0.0031872509960159,0.0242214532871972,0.0342629482071713,0.3737024221453287,0.4573705179282868
ep_100_whisperx_diarized.gender.host_guest,MALE->MALE,male,male,0.0320855614973262,0.0165853658536585,0.4117647058823529,0.4634146341463415,0.1336898395721925,0.0409756097560975,0.0080213903743315,0.0029268292682926,0.0133689839572192,0.0078048780487804,0.0187165775401069,0.0029268292682926,0.0,0.0,0.0427807486631016,0.0204878048780487,0.0,0.0009756097560975,0.0213903743315508,0.0136585365853658,0.3181818181818182,0.4302439024390244
ep_101_whisperx_diarized.gender.host_guest,MALE->FEMALE,male,female,0.0084745762711864,0.02,0.4322033898305085,0.3514285714285714,0.2542372881355932,0.0657142857142857,0.0084745762711864,0.0,0.0084745762711864,0.0085714285714285,0.0169491525423728,0.0085714285714285,0.0,0.0,0.059322033898305,0.0171428571428571,0.0,0.0028571428571428,0.0169491525423728,0.0114285714285714,0.1949152542372881,0.5142857142857142
ep_102_whisperx_diarized.gender.host_guest,MALE->MALE,male,male,0.0564784053156146,0.0242214532871972,0.3504983388704319,0.5023068050749712,0.0996677740863787,0.0645905420991926,0.0033222591362126,0.0,0.0531561461794019,0.0207612456747404,0.0,0.0005767012687427,0.0,0.0,0.0332225913621262,0.0253748558246828,0.0,0.0,0.0498338870431893,0.0126874279123414,0.3538205980066445,0.3494809688581315
ep_103_whisperx_diarized.gender.host_guest,MALE->MALE,male,male,0.0359820089955022,0.0375335120643431,0.4497751124437781,0.4289544235924933,0.0764617691154422,0.0563002680965147,0.0014992503748125,0.0,0.0149925037481259,0.0147453083109919,0.0014992503748125,0.0013404825737265,0.0,0.0,0.0224887556221889,0.0093833780160857,0.0014992503748125,0.0,0.0194902548725637,0.0294906166219839,0.376311844077961,0.4222520107238606
ep_104_whisperx_diarized.gender.host_guest,MALE->MALE,male,male,0.0167224080267558,0.0147172734314484,0.4448160535117056,0.5251742835011619,0.1404682274247491,0.0534469403563129,0.0,0.0,0.0033444816053511,0.0046475600309837,0.0033444816053511,0.0023237800154918,0.0,0.0,0.040133779264214,0.0224632068164213,0.0,0.0007745933384972,0.0234113712374581,0.016266460108443,0.3277591973244147,0.3601859024012393
ep_110_whisperx_diarized.gender.host_guest,MALE->FEMALE,male,female,0.0550595238095238,0.0519943019943019,0.3705357142857143,0.2877492877492877,0.1636904761904762,0.0491452991452991,0.0,0.0014245014245014,0.0119047619047619,0.022079772079772,0.0029761904761904,0.0007122507122507,0.0,0.0007122507122507,0.025297619047619,0.0149572649572649,0.0014880952380952,0.0014245014245014,0.0267857142857142,0.0548433048433048,0.3422619047619047,0.5149572649572649
ep_112_whisperx_diarized.gender.host_guest,MALE->FEMALE,male,female,0.026615969581749,0.0072225869993434,0.4524714828897338,0.4136572554169402,0.2813688212927757,0.0643466841759684,0.0038022813688212,0.0013131976362442,0.0076045627376425,0.0065659881812212,0.0038022813688212,0.0,0.0,0.0,0.0190114068441064,0.0164149704530531,0.0038022813688212,0.0006565988181221,0.0190114068441064,0.0118187787261982,0.182509505703422,0.4780039395929087
ep_113_whisperx_diarized.gender.host_guest,MALE->MALE,male,male,0.0268199233716475,0.0336538461538461,0.4865900383141762,0.5416666666666666,0.1762452107279693,0.0913461538461538,0.0,0.0032051282051282,0.0076628352490421,0.0064102564102564,0.0,0.0,0.0,0.0,0.0727969348659003,0.0336538461538461,0.0,0.0,0.003831417624521,0.0224358974358974,0.2260536398467433,0.2676282051282051
ep_114_whisperx_diarized.gender.host_guest,FEMALE->MALE,female,male,0.0109890109890109,0.0098765432098765,0.2087912087912088,0.382716049382716,0.2637362637362637,0.0296296296296296,0.0109890109890109,0.0024691358024691,0.0,0.0,0.0,0.0,0.0,0.0,0.0109890109890109,0.0049382716049382,0.0,0.0074074074074074,0.0109890109890109,0.0296296296296296,0.4835164835164835,0.5333333333333333
ep_115_whisperx_diarized.gender.host_guest,FEMALE->MALE,female,male,0.0157894736842105,0.0070351758793969,0.3631578947368421,0.3658291457286432,0.1842105263157894,0.0492462311557788,0.0,0.0010050251256281,0.0105263157894736,0.0030150753768844,0.0105263157894736,0.0,0.0,0.0,0.0157894736842105,0.0110552763819095,0.0,0.0010050251256281,0.0157894736842105,0.0110552763819095,0.3842105263157894,0.5507537688442211
ep_116_whisperx_diarized.gender.host_guest,FEMALE->MALE,female,male,0.0460526315789473,0.0043165467625899,0.25,0.2,0.1973684210526315,0.037410071942446,0.006578947368421,0.0028776978417266,0.0131578947368421,0.0,0.0131578947368421,0.0,0.0,0.0,0.0263157894736842,0.0086330935251798,0.0,0.0014388489208633,0.0131578947368421,0.0287769784172661,0.4342105263157895,0.7165467625899281
ep_118_whisperx_diarized.gender.host_guest,FEMALE->FEMALE,female,female,0.047945205479452,0.0208333333333333,0.2260273972602739,0.265625,0.1986301369863013,0.0677083333333333,0.0,0.0026041666666666,0.0136986301369863,0.0065104166666666,0.0,0.0,0.0,0.0,0.0,0.0091145833333333,0.0,0.0,0.0342465753424657,0.0182291666666666,0.4794520547945205,0.609375
ep_119_whisperx_diarized.gender.host_guest,FEMALE->MALE,female,male,0.030716723549488,0.0179856115107913,0.3822525597269625,0.5629496402877698,0.1604095563139931,0.039568345323741,0.0,0.0035971223021582,0.0102389078498293,0.0017985611510791,0.0,0.0053956834532374,0.0,0.0,0.0170648464163822,0.0197841726618705,0.0,0.0,0.0102389078498293,0.0071942446043165,0.3890784982935154,0.3417266187050359
ep_120_whisperx_diarized.gender.host_guest,FEMALE->MALE,female,male,0.0338983050847457,0.0166453265044814,0.327683615819209,0.2855313700384123,0.2711864406779661,0.056338028169014,0.0169491525423728,0.0076824583866837,0.0056497175141242,0.0051216389244558,0.0,0.0,0.0,0.0,0.0112994350282485,0.0102432778489116,0.0,0.0,0.0282485875706214,0.0204865556978233,0.3050847457627119,0.5979513444302177
ep_121_whisperx_diarized.gender.host_guest,FEMALE->MALE,female,male,0.0414937759336099,0.0287671232876712,0.2365145228215767,0.2424657534246575,0.1950207468879668,0.0630136986301369,0.0082987551867219,0.0041095890410958,0.0165975103734439,0.010958904109589,0.0,0.0,0.0,0.0013698630136986,0.0124481327800829,0.010958904109589,0.0,0.0027397260273972,0.0290456431535269,0.0301369863013698,0.4605809128630705,0.6054794520547945
ep_122_whisperx_diarized.gender.host_guest,FEMALE->FEMALE,female,female,0.014018691588785,0.0163339382940108,0.4065420560747663,0.4029038112522686,0.219626168224299,0.0617059891107078,0.0046728971962616,0.0036297640653357,0.0,0.0108892921960072,0.0,0.0,0.0,0.0,0.014018691588785,0.0199637023593466,0.0,0.0,0.0093457943925233,0.014519056261343,0.3317757009345794,0.47005444646098
ep_123_whisperx_diarized.gender.host_guest,FEMALE->MALE,female,male,0.0638297872340425,0.0307692307692307,0.3120567375886525,0.2711538461538461,0.1914893617021276,0.1038461538461538,0.0,0.0019230769230769,0.0070921985815602,0.0,0.0070921985815602,0.0,0.0,0.0,0.0212765957446808,0.0115384615384615,0.0,0.0,0.0496453900709219,0.0153846153846153,0.3475177304964539,0.5653846153846154
ep_124_whisperx_diarized.gender.host_guest,FEMALE->FEMALE,female,female,0.0113636363636363,0.0242424242424242,0.1977272727272727,0.2424242424242424,0.0409090909090909,0.1151515151515151,0.0022727272727272,0.006060606060606,0.009090909090909,0.0,0.0,0.0,0.0,0.006060606060606,0.0045454545454545,0.0121212121212121,0.0,0.0,0.025,0.0424242424242424,0.7090909090909091,0.5515151515151515
ep_125_whisperx_diarized.gender.host_guest,FEMALE->MALE,female,male,0.0076335877862595,0.0,0.4198473282442748,0.4099099099099099,0.3053435114503817,0.0495495495495495,0.0076335877862595,0.0,0.0,0.0,0.0076335877862595,0.0,0.0,0.0,0.0229007633587786,0.0022522522522522,0.0,0.0,0.015267175572519,0.009009009009009,0.2137404580152671,0.5292792792792793
ep_126_whisperx_diarized.gender.host_guest,FEMALE->FEMALE,female,female,0.0721153846153846,0.0375838926174496,0.3557692307692308,0.2523489932885906,0.25,0.0322147651006711,0.0096153846153846,0.0,0.0240384615384615,0.0040268456375838,0.0096153846153846,0.0026845637583892,0.0,0.0,0.0144230769230769,0.0120805369127516,0.0,0.0,0.0,0.0201342281879194,0.2644230769230769,0.6389261744966444
ep_127_whisperx_diarized.gender.host_guest,FEMALE->FEMALE,female,female,0.0,0.0068870523415977,0.390625,0.3085399449035813,0.234375,0.0440771349862259,0.015625,0.0,0.0,0.0013774104683195,0.015625,0.0,0.0,0.0,0.0625,0.0027548209366391,0.0,0.0,0.0,0.0055096418732782,0.28125,0.6308539944903582
ep_128_whisperx_diarized.gender.host_guest,FEMALE->MALE,female,male,0.0769230769230769,0.0215311004784689,0.2876254180602006,0.4461722488038278,0.1638795986622073,0.0442583732057416,0.0033444816053511,0.0,0.020066889632107,0.0047846889952153,0.0100334448160535,0.0,0.0,0.0,0.0167224080267558,0.0311004784688995,0.0,0.0,0.040133779264214,0.0143540669856459,0.3812709030100334,0.4377990430622009
ep_129_whisperx_diarized.gender.host_guest,FEMALE->FEMALE,female,female,0.0802139037433155,0.0232558139534883,0.2941176470588235,0.1820020222446916,0.2085561497326203,0.0455005055611729,0.0106951871657754,0.0010111223458038,0.0053475935828877,0.0050556117290192,0.0053475935828877,0.0,0.0,0.0,0.0160427807486631,0.0182002022244691,0.0,0.0,0.053475935828877,0.006066734074823,0.3262032085561497,0.7189079878665319
ep_131_whisperx_diarized.gender.host_guest,FEMALE->FEMALE,female,female,0.042016806722689,0.0146699266503667,0.3109243697478991,0.3814180929095354,0.2016806722689075,0.0586797066014669,0.0084033613445378,0.0,0.0084033613445378,0.0024449877750611,0.0,0.0,0.0084033613445378,0.0,0.0084033613445378,0.0048899755501222,0.0,0.0,0.042016806722689,0.0195599022004889,0.3697478991596639,0.5183374083129584
ep_132_whisperx_diarized.gender.host_guest,FEMALE->MALE,female,male,0.0175438596491228,0.0064516129032258,0.4853801169590643,0.5535483870967742,0.1871345029239766,0.0903225806451612,0.0,0.0,0.0,0.0012903225806451,0.0,0.0038709677419354,0.0,0.0,0.0175438596491228,0.0090322580645161,0.0,0.0,0.0175438596491228,0.0051612903225806,0.2748538011695906,0.3303225806451613
ep_133_whisperx_diarized.gender.host_guest,FEMALE->FEMALE,female,female,0.0166666666666666,0.0051440329218107,0.375,0.3353909465020576,0.2833333333333333,0.0462962962962962,0.0,0.0010288065843621,0.0166666666666666,0.0051440329218107,0.0,0.0,0.0,0.0,0.0416666666666666,0.0123456790123456,0.0,0.0,0.0583333333333333,0.0164609053497942,0.2083333333333333,0.5781893004115226
ep_134_whisperx_diarized.gender.host_guest,FEMALE->MALE,female,male,0.0662251655629139,0.0208333333333333,0.3973509933774834,0.3090277777777778,0.2119205298013245,0.0358796296296296,0.0,0.0023148148148148,0.0132450331125827,0.0034722222222222,0.0,0.0,0.0,0.0,0.0264900662251655,0.011574074074074,0.0,0.0,0.0132450331125827,0.0069444444444444,0.271523178807947,0.6099537037037037
ep_135_whisperx_diarized.gender.host_guest,FEMALE->MALE,female,male,0.0352941176470588,0.0308529945553539,0.2647058823529412,0.2867513611615245,0.2470588235294117,0.0635208711433756,0.0,0.0,0.0,0.0127041742286751,0.0058823529411764,0.0018148820326678,0.0,0.0,0.0294117647058823,0.0326678765880217,0.0058823529411764,0.0,0.0235294117647058,0.0326678765880217,0.388235294117647,0.5390199637023594
ep_137_whisperx_diarized.gender.host_guest,FEMALE->FEMALE,female,female,0.0720338983050847,0.0399619410085632,0.4025423728813559,0.4424357754519505,0.2330508474576271,0.0723120837297811,0.0,0.0009514747859181,0.0169491525423728,0.0133206470028544,0.0084745762711864,0.0,0.0,0.0,0.0254237288135593,0.071360608943863,0.0,0.0038058991436726,0.0635593220338983,0.0171265461465271,0.1779661016949152,0.3387250237868696
ep_138_whisperx_diarized.gender.host_guest,FEMALE->MALE,female,male,0.0139860139860139,0.0031746031746031,0.3286713286713286,0.5428571428571428,0.2937062937062937,0.0761904761904762,0.0069930069930069,0.0,0.0,0.0,0.0,0.0015873015873015,0.0,0.0,0.0559440559440559,0.0365079365079365,0.0,0.0,0.0,0.0111111111111111,0.3006993006993007,0.3285714285714285
ep_139_whisperx_diarized.gender.host_guest,FEMALE->FEMALE,female,female,0.0384615384615384,0.0254143646408839,0.3076923076923077,0.3215469613259668,0.2032967032967033,0.0773480662983425,0.0,0.0022099447513812,0.0274725274725274,0.005524861878453,0.0109890109890109,0.0,0.0,0.0,0.0329670329670329,0.0640883977900552,0.0054945054945054,0.0011049723756906,0.0384615384615384,0.0077348066298342,0.3351648351648351,0.4950276243093923
ep_141_whisperx_diarized.gender.host_guest,FEMALE->FEMALE,female,female,0.0294117647058823,0.014799154334038,0.2720588235294117,0.2156448202959831,0.2647058823529412,0.054968287526427,0.0,0.0,0.0,0.0042283298097251,0.0,0.0,0.0,0.0,0.0147058823529411,0.0,0.0,0.0,0.0,0.0169133192389006,0.4191176470588235,0.693446088794926
ep_142_whisperx_diarized.gender.host_guest,FEMALE->MALE,female,male,0.0158730158730158,0.0265210608424337,0.2976190476190476,0.1950078003120124,0.1587301587301587,0.0374414976599064,0.0039682539682539,0.0,0.0079365079365079,0.0046801872074883,0.0,0.0015600624024961,0.0,0.0,0.0317460317460317,0.0109204368174727,0.0,0.0015600624024961,0.0198412698412698,0.0249609984399376,0.4642857142857143,0.6973478939157566
ep_143_whisperx_diarized.gender.host_guest,FEMALE->MALE,female,male,0.0511363636363636,0.0385756676557863,0.2727272727272727,0.413946587537092,0.4147727272727273,0.0252225519287833,0.0,0.0,0.0227272727272727,0.016320474777448,0.0,0.0,0.0,0.0,0.0113636363636363,0.0311572700296735,0.0,0.0029673590504451,0.034090909090909,0.0148367952522255,0.1931818181818181,0.456973293768546
ep_145_whisperx_diarized.gender.host_guest,FEMALE->FEMALE,female,female,0.0652173913043478,0.09284332688588,0.2228260869565217,0.2263056092843327,0.2554347826086957,0.0618955512572533,0.0054347826086956,0.0,0.0163043478260869,0.0154738878143133,0.0,0.0019342359767891,0.0,0.0,0.0163043478260869,0.0328820116054158,0.0,0.0,0.0489130434782608,0.02321083172147,0.3695652173913043,0.5454545454545454
ep_146_whisperx_diarized.gender.host_guest,FEMALE->FEMALE,female,female,0.0396825396825396,0.0126582278481012,0.3174603174603174,0.2943037974683544,0.2619047619047619,0.0316455696202531,0.0079365079365079,0.0031645569620253,0.0079365079365079,0.0079113924050632,0.0,0.0015822784810126,0.0,0.0,0.0317460317460317,0.0126582278481012,0.0,0.0,0.0079365079365079,0.0126582278481012,0.3253968253968254,0.6234177215189873
ep_147_whisperx_diarized.gender.host_guest,FEMALE->FEMALE,female,female,0.0,0.0055452865064695,0.3309352517985611,0.3622920517560073,0.237410071942446,0.0517560073937153,0.0071942446043165,0.0055452865064695,0.014388489208633,0.0018484288354898,0.0071942446043165,0.0,0.0,0.0,0.0071942446043165,0.011090573012939,0.0,0.0018484288354898,0.0575539568345323,0.0036968576709796,0.3381294964028777,0.55637707948244
ep_148_whisperx_diarized.gender.host_guest,FEMALE->FEMALE,female,female,0.0493827160493827,0.0056603773584905,0.2962962962962963,0.3622641509433962,0.1543209876543209,0.090566037735849,0.0061728395061728,0.0018867924528301,0.0061728395061728,0.0037735849056603,0.0,0.0,0.0,0.0,0.0185185185185185,0.0188679245283018,0.0,0.0037735849056603,0.0617283950617283,0.0169811320754716,0.4074074074074074,0.4962264150943396
ep_149_whisperx_diarized.gender.host_guest,FEMALE->FEMALE,female,female,0.0112359550561797,0.0095785440613026,0.247191011235955,0.2739463601532567,0.1910112359550561,0.0785440613026819,0.0056179775280898,0.0,0.0112359550561797,0.0057471264367816,0.0,0.0,0.0,0.0,0.0280898876404494,0.0076628352490421,0.0056179775280898,0.0,0.0224719101123595,0.0172413793103448,0.4775280898876404,0.60727969348659
ep_150_whisperx_diarized.gender.host_guest,FEMALE->MALE,female,male,0.0075187969924812,0.0202702702702702,0.3308270676691729,0.3851351351351351,0.3834586466165413,0.0990990990990991,0.0,0.0067567567567567,0.0075187969924812,0.0045045045045045,0.0,0.0,0.0,0.0,0.0451127819548872,0.0247747747747747,0.0,0.0022522522522522,0.0075187969924812,0.018018018018018,0.2180451127819548,0.4391891891891892
ep_151_whisperx_diarized.gender.host_guest,FEMALE->MALE,female,male,0.064516129032258,0.0196399345335515,0.2580645161290322,0.3567921440261866,0.3118279569892473,0.0589198036006546,0.010752688172043,0.0016366612111292,0.010752688172043,0.0065466448445171,0.0,0.0032733224222585,0.0,0.0,0.064516129032258,0.027823240589198,0.0,0.0032733224222585,0.053763440860215,0.011456628477905,0.2258064516129032,0.5106382978723404
ep_152_whisperx_diarized.gender.host_guest,FEMALE->MALE,female,male,0.048076923076923,0.0184804928131416,0.3846153846153846,0.5564681724845996,0.3653846153846153,0.028747433264887,0.0,0.0,0.0,0.002053388090349,0.0096153846153846,0.0,0.0,0.0,0.0288461538461538,0.0246406570841889,0.0,0.0,0.0,0.0082135523613963,0.1634615384615384,0.3613963039014374
ep_153_whisperx_diarized.gender.host_guest,FEMALE->MALE,female,male,0.062111801242236,0.0176565008025682,0.2236024844720497,0.3017656500802568,0.3478260869565217,0.0449438202247191,0.0186335403726708,0.0,0.0186335403726708,0.0144462279293739,0.0,0.0,0.0,0.0,0.0186335403726708,0.0304975922953451,0.0,0.0,0.0372670807453416,0.0256821829855537,0.2732919254658385,0.565008025682183
ep_154_whisperx_diarized.gender.host_guest,MALE->MALE,male,male,0.0135135135135135,0.0101694915254237,0.5405405405405406,0.5546610169491526,0.2601351351351351,0.1389830508474576,0.0,0.0008474576271186,0.0,0.0016949152542372,0.0033783783783783,0.0,0.0,0.0004237288135593,0.0337837837837837,0.0292372881355932,0.0033783783783783,0.0,0.0067567567567567,0.0097457627118644,0.1385135135135135,0.2542372881355932
ep_157_whisperx_diarized.gender.host_guest,FEMALE->MALE,female,male,0.075,0.0216998191681736,0.2,0.360759493670886,0.2875,0.1220614828209765,0.00625,0.0271247739602169,0.01875,0.011754068716094,0.00625,0.0009041591320072,0.0,0.0,0.08125,0.0198915009041591,0.0,0.0009041591320072,0.04375,0.0162748643761302,0.28125,0.418625678119349
ep_163_whisperx_diarized.gender.host_guest,MALE->FEMALE,male,female,0.0388170055452865,0.0228254164096236,0.4454713493530499,0.5385564466378778,0.1497227356746765,0.1196792103639728,0.0018484288354898,0.000616903146206,0.0147874306839186,0.0037014188772362,0.0,0.0,0.0,0.0,0.0295748613678373,0.0363972856261566,0.0018484288354898,0.000616903146206,0.0295748613678373,0.0086366440468846,0.288354898336414,0.2689697717458359
ep_164_whisperx_diarized.gender.host_guest,MALE->FEMALE,male,female,0.0448065173116089,0.0123222748815165,0.4256619144602851,0.4900473933649289,0.120162932790224,0.0663507109004739,0.0,0.0047393364928909,0.0020366598778004,0.0009478672985781,0.0,0.0009478672985781,0.0,0.0,0.0325865580448065,0.0132701421800947,0.0,0.0018957345971563,0.0325865580448065,0.0151658767772511,0.3421588594704684,0.3943127962085308
ep_172_whisperx_diarized.gender.host_guest,MALE->MALE,male,male,0.0641891891891891,0.0186741363211951,0.3986486486486486,0.5359477124183006,0.2905405405405405,0.103641456582633,0.0,0.0009337068160597,0.0202702702702702,0.0028011204481792,0.0,0.0,0.0,0.0,0.0506756756756756,0.0233426704014939,0.0,0.0009337068160597,0.0033783783783783,0.0093370681605975,0.1722972972972972,0.3043884220354808
ep_176_whisperx_diarized.gender.host_guest,MALE->MALE,male,male,0.0059880239520958,0.003012048192771,0.3712574850299401,0.4623493975903614,0.3293413173652694,0.0858433734939759,0.0,0.0,0.0,0.0060240963855421,0.0,0.0,0.0,0.0,0.0658682634730539,0.036144578313253,0.0059880239520958,0.0,0.0059880239520958,0.003012048192771,0.2155688622754491,0.4036144578313253
ep_179_whisperx_diarized.gender.host_guest,MALE->FEMALE,male,female,0.015432098765432,0.0094836670179135,0.3487654320987654,0.3667017913593256,0.2993827160493827,0.1201264488935721,0.0030864197530864,0.0042149631190727,0.0092592592592592,0.0031612223393045,0.0,0.0,0.0,0.0010537407797681,0.037037037037037,0.0105374077976817,0.0,0.0021074815595363,0.0339506172839506,0.0200210748155953,0.2530864197530864,0.4625922023182297
ep_184_whisperx_diarized.gender.host_guest,MALE->MALE,male,male,0.0214285714285714,0.003731343283582,0.4071428571428571,0.6623134328358209,0.2357142857142857,0.0522388059701492,0.0,0.0,0.0071428571428571,0.003731343283582,0.0,0.0,0.0,0.0,0.0428571428571428,0.003731343283582,0.0,0.0,0.0142857142857142,0.001865671641791,0.2714285714285714,0.2723880597014925
ep_185_whisperx_diarized.gender.host_guest,MALE->FEMALE,male,female,0.0327510917030567,0.013530135301353,0.2707423580786026,0.4981549815498155,0.2292576419213974,0.052890528905289,0.0043668122270742,0.0,0.0131004366812227,0.008610086100861,0.0,0.0,0.0,0.0,0.0480349344978165,0.029520295202952,0.0,0.0,0.019650655021834,0.009840098400984,0.3820960698689956,0.3874538745387454
ep_186_whisperx_diarized.gender.host_guest,MALE->FEMALE,male,female,0.0555555555555555,0.0101975780752071,0.3518518518518518,0.3747609942638623,0.1440329218106996,0.1032504780114722,0.0,0.0031867431485022,0.0041152263374485,0.0044614404079031,0.0082304526748971,0.0012746972594008,0.0,0.0,0.0596707818930041,0.041427660930529,0.0,0.0006373486297004,0.0329218106995884,0.0165710643722116,0.3436213991769547,0.4442319949012109
ep_187_whisperx_diarized.gender.host_guest,MALE->MALE,male,male,0.0487012987012987,0.0276816608996539,0.448051948051948,0.4532871972318339,0.1655844155844155,0.0553633217993079,0.0032467532467532,0.0017301038062283,0.0129870129870129,0.0069204152249134,0.0,0.0017301038062283,0.0,0.0017301038062283,0.0487012987012987,0.0415224913494809,0.0,0.0051903114186851,0.0227272727272727,0.0103806228373702,0.25,0.3944636678200692
ep_197_whisperx_diarized.gender.host_guest,MALE->FEMALE,male,female,0.0589970501474926,0.0205920205920205,0.3982300884955752,0.4839124839124839,0.2064896755162241,0.054054054054054,0.0,0.0,0.0058997050147492,0.0077220077220077,0.0,0.0,0.0,0.0,0.0766961651917404,0.0952380952380952,0.0,0.0,0.0265486725663716,0.018018018018018,0.2271386430678466,0.3204633204633205
ep_198_whisperx_diarized.gender.host_guest,MALE->FEMALE,male,female,0.0849420849420849,0.0390032502708559,0.3359073359073359,0.4680390032502708,0.22007722007722,0.066088840736728,0.0038610038610038,0.0010834236186348,0.0231660231660231,0.0119176598049837,0.0,0.0010834236186348,0.0038610038610038,0.0,0.054054054054054,0.056338028169014,0.0038610038610038,0.0010834236186348,0.027027027027027,0.0119176598049837,0.2432432432432432,0.3434452871072589
ep_199_whisperx_diarized.gender.host_guest,MALE->FEMALE,male,female,0.0385185185185185,0.0271317829457364,0.397037037037037,0.4815891472868217,0.12,0.1308139534883721,0.0014814814814814,0.000968992248062,0.0074074074074074,0.0106589147286821,0.0,0.001937984496124,0.0,0.000968992248062,0.0325925925925925,0.0184108527131782,0.0029629629629629,0.000968992248062,0.0518518518518518,0.0184108527131782,0.3481481481481481,0.3081395348837209
ep_200_whisperx_diarized.gender.host_guest,MALE->MALE,male,male,0.07,0.0272373540856031,0.298,0.4474708171206226,0.27,0.0642023346303501,0.0,0.0,0.018,0.0145914396887159,0.002,0.0,0.0,0.0,0.04,0.0330739299610894,0.006,0.0019455252918287,0.022,0.0165369649805447,0.274,0.3949416342412451
ep_202_whisperx_diarized.gender.host_guest,MALE->MALE,male,male,0.0023148148148148,0.0476190476190476,0.4351851851851852,0.7142857142857143,0.1851851851851851,0.0476190476190476,0.0,0.0,0.011574074074074,0.0,0.0,0.0,0.0,0.0,0.0671296296296296,0.0952380952380952,0.0,0.0,0.0046296296296296,0.0,0.2939814814814814,0.0952380952380952
ep_204_whisperx_diarized.gender.host_guest,MALE->FEMALE,male,female,0.0236220472440944,0.0083217753120665,0.4383202099737532,0.5284327323162274,0.1679790026246719,0.1012482662968099,0.0,0.0,0.0026246719160104,0.0041608876560332,0.0026246719160104,0.0,0.0,0.0,0.0341207349081364,0.0270457697642163,0.0,0.0,0.0367454068241469,0.0166435506241331,0.2939632545931758,0.3141470180305132
ep_205_whisperx_diarized.gender.host_guest,MALE->FEMALE,male,female,0.0812274368231047,0.0424143556280587,0.3014440433212996,0.4053833605220228,0.2021660649819494,0.0717781402936378,0.0,0.0,0.0270758122743682,0.0048939641109298,0.0,0.0,0.0,0.0,0.03971119133574,0.0538336052202283,0.0018050541516245,0.0048939641109298,0.0216606498194945,0.0146818923327895,0.3249097472924188,0.4021207177814029
ep_207_whisperx_diarized.gender.host_guest,MALE->FEMALE,male,female,0.0363349131121642,0.0389133627019089,0.4044233807266982,0.4801762114537445,0.1200631911532385,0.0969162995594713,0.0015797788309636,0.0,0.0078988941548183,0.0066079295154185,0.0063191153238546,0.000734214390602,0.0,0.0022026431718061,0.0363349131121642,0.0499265785609397,0.0,0.000734214390602,0.0142180094786729,0.0124816446402349,0.3728278041074249,0.3113069016152716
ep_208_whisperx_diarized.gender.host_guest,MALE->MALE,male,male,0.0385674931129476,0.0230125523012552,0.3829201101928374,0.5355648535564853,0.2424242424242424,0.0404463040446304,0.0,0.0,0.0027548209366391,0.00557880055788,0.0027548209366391,0.0,0.0,0.0,0.0523415977961432,0.0355648535564853,0.0,0.000697350069735,0.0110192837465564,0.0118549511854951,0.2672176308539944,0.3472803347280335
ep_211_whisperx_diarized.gender.host_guest,MALE->FEMALE,male,female,0.03125,0.0244140625,0.3993055555555556,0.53515625,0.2048611111111111,0.0732421875,0.0,0.0009765625,0.0208333333333333,0.005859375,0.0034722222222222,0.0,0.0,0.0,0.0486111111111111,0.05859375,0.0034722222222222,0.0009765625,0.0416666666666666,0.0078125,0.2465277777777778,0.29296875
ep_213_whisperx_diarized.gender.host_guest,MALE->MALE,male,male,0.0321592649310872,0.0167844522968197,0.3843797856049004,0.4840989399293286,0.1761102603369065,0.0803886925795053,0.0,0.0,0.006125574272588,0.0070671378091872,0.004594180704441,0.0,0.0,0.0,0.0551301684532924,0.0556537102473498,0.0,0.0008833922261484,0.0290964777947932,0.0141342756183745,0.3124042879019908,0.3409893992932862
ep_214_whisperx_diarized.gender.host_guest,MALE->MALE,male,male,0.0461538461538461,0.0222513089005235,0.3846153846153846,0.4463350785340314,0.2051282051282051,0.1034031413612565,0.0,0.0013089005235602,0.0051282051282051,0.0104712041884816,0.0,0.0,0.0,0.0,0.0564102564102564,0.0549738219895288,0.0102564102564102,0.0026178010471204,0.0102564102564102,0.0026178010471204,0.282051282051282,0.3560209424083769
ep_217_whisperx_diarized.gender.host_guest,MALE->MALE,male,male,0.0560344827586206,0.0375690607734806,0.418103448275862,0.3569060773480663,0.168103448275862,0.1767955801104972,0.0,0.0121546961325966,0.0129310344827586,0.0099447513812154,0.0,0.0,0.0,0.0,0.0474137931034482,0.0408839779005524,0.0,0.0,0.0172413793103448,0.0088397790055248,0.2801724137931034,0.3569060773480663
ep_218_whisperx_diarized.gender.host_guest,MALE->MALE,male,male,0.0358306188925081,0.0247074122236671,0.3680781758957654,0.5721716514954487,0.3127035830618892,0.0520156046814044,0.003257328990228,0.0,0.003257328990228,0.0052015604681404,0.0,0.0,0.0,0.0,0.0716612377850162,0.0858257477243173,0.003257328990228,0.0039011703511053,0.006514657980456,0.0195058517555266,0.1954397394136807,0.2366710013003901
ep_220_whisperx_diarized.gender.host_guest,MALE->FEMALE,male,female,0.0594059405940594,0.0251716247139588,0.2945544554455445,0.4553775743707093,0.3143564356435643,0.0446224256292906,0.0024752475247524,0.0011441647597254,0.0173267326732673,0.0080091533180778,0.0,0.0,0.0,0.0,0.0594059405940594,0.0766590389016018,0.0024752475247524,0.0011441647597254,0.0198019801980198,0.0217391304347826,0.2301980198019802,0.3661327231121281
ep_222_whisperx_diarized.gender.host_guest,MALE->MALE,male,male,0.0206611570247933,0.0316004077471967,0.4476584022038568,0.5229357798165137,0.1336088154269972,0.0642201834862385,0.0013774104683195,0.0,0.0041322314049586,0.0132517838939857,0.0,0.0,0.0,0.0,0.0578512396694214,0.0479102956167176,0.0013774104683195,0.0,0.0192837465564738,0.0173292558613659,0.3140495867768595,0.3027522935779816
ep_223_whisperx_diarized.gender.host_guest,MALE->FEMALE,male,female,0.0909090909090909,0.0132743362831858,0.2863636363636364,0.5147492625368731,0.2795454545454545,0.0486725663716814,0.0,0.0014749262536873,0.0113636363636363,0.0058997050147492,0.0,0.0,0.0,0.0,0.0318181818181818,0.0545722713864306,0.0045454545454545,0.0,0.0159090909090909,0.0206489675516224,0.2795454545454545,0.3407079646017699
ep_225_whisperx_diarized.gender.host_guest,MALE->MALE,male,male,0.0206185567010309,0.028459273797841,0.4329896907216495,0.4847890088321884,0.2371134020618556,0.0510304219823356,0.0,0.0,0.0171821305841924,0.0137389597644749,0.0,0.0,0.0,0.0,0.0618556701030927,0.1265947006869479,0.0,0.0019627085377821,0.0137457044673539,0.0078508341511285,0.2164948453608247,0.2855740922473013
ep_228_whisperx_diarized.gender.host_guest,FEMALE->FEMALE,female,female,0.0825688073394495,0.0267062314540059,0.2477064220183486,0.3412462908011869,0.4403669724770642,0.059347181008902,0.0,0.0,0.018348623853211,0.0148367952522255,0.0,0.0059347181008902,0.0,0.0,0.0275229357798165,0.0029673590504451,0.0,0.0,0.0091743119266055,0.0148367952522255,0.1743119266055046,0.5341246290801187
ep_229_whisperx_diarized.gender.host_guest,MALE->FEMALE,male,female,0.0635451505016722,0.0217113665389527,0.2876254180602006,0.5312899106002554,0.2775919732441471,0.0676883780332056,0.0,0.0,0.0133779264214046,0.0051085568326947,0.0,0.0025542784163473,0.0,0.0,0.0334448160535117,0.0561941251596424,0.0033444816053511,0.0012771392081736,0.020066889632107,0.0102171136653895,0.3010033444816054,0.3039591315453384
ep_231_whisperx_diarized.gender.host_guest,MALE->FEMALE,male,female,0.0273224043715847,0.0142450142450142,0.3579234972677595,0.4017094017094017,0.2513661202185792,0.0797720797720797,0.0,0.0028490028490028,0.0218579234972677,0.0066476733143399,0.0,0.0,0.0,0.0,0.0710382513661202,0.0332383665716999,0.0109289617486338,0.0009496676163342,0.0163934426229508,0.0113960113960113,0.2431693989071038,0.4491927825261159
ep_235_whisperx_diarized.gender.host_guest,MALE->MALE,male,male,0.0204678362573099,0.0109890109890109,0.3771929824561403,0.4970414201183432,0.2631578947368421,0.0718512256973795,0.0058479532163742,0.0016906170752324,0.0204678362573099,0.007607776838546,0.0,0.0,0.0,0.0,0.0204678362573099,0.0422654268808114,0.0029239766081871,0.0008453085376162,0.0087719298245614,0.0101437024513947,0.2807017543859649,0.3575655114116652
ep_236_whisperx_diarized.gender.host_guest,MALE->MALE,male,male,0.0402684563758389,0.0166931637519872,0.3422818791946309,0.4562798092209857,0.285234899328859,0.0842607313195548,0.0,0.0007949125596184,0.0033557046979865,0.0103338632750397,0.0100671140939597,0.0007949125596184,0.0,0.0,0.046979865771812,0.0516693163751987,0.0,0.0015898251192368,0.0201342281879194,0.0190779014308426,0.2516778523489933,0.3585055643879173
ep_237_whisperx_diarized.gender.host_guest,MALE->MALE,male,male,0.050709939148073,0.032849020846494,0.3427991886409736,0.505369551484523,0.1724137931034483,0.0486418193303853,0.0020283975659229,0.0,0.0081135902636916,0.0151610865445356,0.0081135902636916,0.0012634238787113,0.0,0.0,0.0466531440162271,0.0764371446620341,0.0020283975659229,0.0006317119393556,0.0223123732251521,0.0202147820593809,0.3448275862068966,0.2994314592545799
ep_246_whisperx_diarized.gender.host_guest,MALE->FEMALE,male,female,0.0691056910569105,0.045768566493955,0.3401084010840108,0.3661485319516407,0.1260162601626016,0.0837651122625215,0.002710027100271,0.0077720207253886,0.0121951219512195,0.0103626943005181,0.0040650406504065,0.0,0.0,0.0,0.035230352303523,0.0250431778929188,0.0,0.0025906735751295,0.0392953929539295,0.038860103626943,0.3712737127371274,0.4196891191709844
ep_248_whisperx_diarized.gender.host_guest,MALE->MALE,male,male,0.0857843137254902,0.0527472527472527,0.2965686274509804,0.3725274725274725,0.1985294117647058,0.0857142857142857,0.0,0.0032967032967032,0.0073529411764705,0.0043956043956043,0.0,0.0,0.0,0.0,0.0563725490196078,0.0472527472527472,0.0024509803921568,0.001098901098901,0.0318627450980392,0.0197802197802197,0.321078431372549,0.4131868131868131
ep_251_whisperx_diarized.gender.host_guest,MALE->MALE,male,male,0.050438596491228,0.0207792207792207,0.3311403508771929,0.387012987012987,0.1557017543859649,0.0969696969696969,0.0,0.0008658008658008,0.0131578947368421,0.0043290043290043,0.0043859649122807,0.0017316017316017,0.0,0.0,0.0350877192982456,0.0432900432900432,0.0043859649122807,0.0,0.0241228070175438,0.0164502164502164,0.3815789473684211,0.4285714285714285
ep_253_whisperx_diarized.gender.host_guest,MALE->MALE,male,male,0.0949367088607595,0.0081120943952802,0.2932489451476793,0.415929203539823,0.1286919831223628,0.0730088495575221,0.0021097046413502,0.0044247787610619,0.0126582278481012,0.0029498525073746,0.0063291139240506,0.0,0.0,0.0,0.0485232067510548,0.023598820058997,0.0,0.0,0.040084388185654,0.0044247787610619,0.3734177215189873,0.467551622418879
ep_255_whisperx_diarized.gender.host_guest,MALE->FEMALE,male,female,0.0704960835509138,0.0175658720200752,0.2689295039164491,0.3739021329987453,0.2819843342036554,0.0627352572145545,0.0,0.0025094102885821,0.0078328981723237,0.0025094102885821,0.0,0.0,0.0026109660574412,0.001254705144291,0.0469973890339425,0.0401505646173149,0.0026109660574412,0.0050188205771643,0.0130548302872062,0.0213299874529485,0.3054830287206266,0.4730238393977415
ep_256_whisperx_diarized.gender.host_guest,MALE->FEMALE,male,female,0.050314465408805,0.0211267605633802,0.3396226415094339,0.3967136150234742,0.220125786163522,0.1138497652582159,0.0,0.0046948356807511,0.0031446540880503,0.0023474178403755,0.0031446540880503,0.0023474178403755,0.0,0.0,0.0566037735849056,0.0387323943661971,0.0,0.0011737089201877,0.0157232704402515,0.0082159624413145,0.3113207547169811,0.4107981220657277
ep_260_whisperx_diarized.gender.host_guest,MALE->MALE,male,male,0.0143540669856459,0.0153609831029185,0.4258373205741627,0.4946236559139785,0.2057416267942583,0.0506912442396313,0.0,0.0015360983102918,0.0143540669856459,0.0046082949308755,0.0047846889952153,0.0,0.0,0.0,0.0765550239234449,0.0568356374807987,0.0,0.0030721966205837,0.0047846889952153,0.0061443932411674,0.2535885167464115,0.3671274961597542
ep_263_whisperx_diarized.gender.host_guest,MALE->FEMALE,male,female,0.014018691588785,0.0224654377880184,0.411214953271028,0.4400921658986175,0.2523364485981308,0.064516129032258,0.0046728971962616,0.0011520737327188,0.0046728971962616,0.0063364055299539,0.0,0.0011520737327188,0.0,0.0,0.0467289719626168,0.0328341013824884,0.0,0.0017281105990783,0.0233644859813084,0.0115207373271889,0.2429906542056074,0.4182027649769585
ep_264_whisperx_diarized.gender.host_guest,FEMALE->MALE,female,male,0.0764331210191082,0.0229591836734693,0.2929936305732484,0.3176020408163265,0.2356687898089172,0.0695153061224489,0.0063694267515923,0.0006377551020408,0.0254777070063694,0.0082908163265306,0.0,0.0012755102040816,0.0,0.0,0.0573248407643312,0.0178571428571428,0.0063694267515923,0.0,0.0254777070063694,0.0121173469387755,0.2738853503184713,0.5497448979591837
ep_268_whisperx_diarized.gender.host_guest,FEMALE->FEMALE,female,female,0.0594059405940594,0.0198511166253101,0.3267326732673267,0.2878411910669975,0.2475247524752475,0.0372208436724565,0.0,0.0,0.0,0.0049627791563275,0.0,0.0024813895781637,0.0,0.0,0.0594059405940594,0.0,0.0,0.0,0.0198019801980198,0.0074441687344913,0.2871287128712871,0.6401985111662531
ep_269_whisperx_diarized.gender.host_guest,MALE->MALE,male,male,0.0846905537459283,0.0572640509013785,0.2280130293159609,0.1357370095440085,0.1693811074918566,0.073170731707317,0.003257328990228,0.0042417815482502,0.0260586319218241,0.0127253446447507,0.003257328990228,0.0021208907741251,0.0,0.0021208907741251,0.0488599348534201,0.0063626723223753,0.003257328990228,0.0010604453870625,0.0456026058631921,0.016967126193001,0.3876221498371335,0.6882290562036055
ep_270_whisperx_diarized.gender.host_guest,MALE->FEMALE,male,female,0.0332480818414322,0.0052083333333333,0.3938618925831202,0.4864583333333333,0.2148337595907928,0.1083333333333333,0.0,0.0,0.0025575447570332,0.0041666666666666,0.0,0.0,0.0,0.0,0.0434782608695652,0.0229166666666666,0.0,0.0041666666666666,0.0102301790281329,0.0125,0.3017902813299232,0.35625
ep_273_whisperx_diarized.gender.host_guest,MALE->MALE,male,male,0.0333333333333333,0.0271186440677966,0.3866666666666666,0.4745762711864407,0.2311111111111111,0.0723163841807909,0.0044444444444444,0.0011299435028248,0.0177777777777777,0.007909604519774,0.0,0.0011299435028248,0.0,0.0,0.0311111111111111,0.055367231638418,0.0,0.0,0.0266666666666666,0.0124293785310734,0.2688888888888889,0.3480225988700565
ep_274_whisperx_diarized.gender.host_guest,MALE->FEMALE,male,female,0.0340557275541795,0.0103896103896103,0.3715170278637771,0.6519480519480519,0.2198142414860681,0.0259740259740259,0.0030959752321981,0.0,0.0030959752321981,0.0,0.0061919504643962,0.0,0.0,0.0,0.0557275541795665,0.0051948051948051,0.0,0.0,0.0061919504643962,0.0233766233766233,0.3003095975232198,0.2831168831168831
ep_275_whisperx_diarized.gender.host_guest,MALE->MALE,male,male,0.0487106017191977,0.0181236673773987,0.2378223495702005,0.2547974413646055,0.4269340974212034,0.0607675906183368,0.0257879656160458,0.0090618336886993,0.0257879656160458,0.003731343283582,0.0028653295128939,0.0010660980810234,0.0,0.0,0.0114613180515759,0.0106609808102345,0.0085959885386819,0.0010660980810234,0.0343839541547277,0.01545842217484,0.1776504297994269,0.6252665245202559
ep_279_whisperx_diarized.gender.host_guest,MALE->MALE,male,male,0.0875576036866359,0.0380952380952381,0.2857142857142857,0.4095238095238095,0.1290322580645161,0.1142857142857142,0.0,0.019047619047619,0.0092165898617511,0.019047619047619,0.0,0.0,0.0,0.0,0.0552995391705069,0.0285714285714285,0.0,0.0,0.0368663594470046,0.0285714285714285,0.3963133640552995,0.3428571428571428
ep_281_whisperx_diarized.gender.host_guest,MALE->MALE,male,male,0.0880281690140845,0.0431115276476101,0.3028169014084507,0.2146204311152764,0.2992957746478873,0.1724461105904405,0.0070422535211267,0.0168697282099343,0.0352112676056338,0.0149953139643861,0.0070422535211267,0.0009372071227741,0.0,0.0009372071227741,0.0633802816901408,0.0178069353327085,0.0035211267605633,0.0009372071227741,0.0211267605633802,0.0290534208059981,0.1725352112676056,0.4882849109653233
ep_282_whisperx_diarized.gender.host_guest,MALE->FEMALE,male,female,0.0202247191011235,0.0127576054955839,0.3235955056179775,0.4563297350343474,0.4224719101123595,0.0775269872423945,0.0022471910112359,0.000981354268891,0.0044943820224719,0.0039254170755642,0.0112359550561797,0.0029440628066732,0.0,0.0,0.0337078651685393,0.0186457311089303,0.0022471910112359,0.000981354268891,0.0202247191011235,0.0176643768400392,0.1595505617977528,0.408243375858685
ep_287_whisperx_diarized.gender.host_guest,MALE->MALE,male,male,0.0347003154574132,0.0171969045571797,0.3596214511041009,0.3912295786758383,0.1766561514195583,0.0662080825451418,0.0031545741324921,0.0,0.0063091482649842,0.0094582975064488,0.0,0.0,0.0,0.0008598452278589,0.085173501577287,0.0206362854686156,0.0031545741324921,0.0,0.0189274447949526,0.0111779879621668,0.3123028391167192,0.4832330180567498
ep_288_whisperx_diarized.gender.host_guest,MALE->MALE,male,male,0.0328947368421052,0.0394366197183098,0.3179824561403508,0.2394366197183098,0.0679824561403508,0.1690140845070422,0.0021929824561403,0.0056338028169014,0.0021929824561403,0.0140845070422535,0.0,0.0028169014084507,0.0,0.0,0.0175438596491228,0.0169014084507042,0.0,0.0,0.0197368421052631,0.028169014084507,0.5394736842105263,0.4845070422535211
ep_289_whisperx_diarized.gender.host_guest,MALE->FEMALE,male,female,0.0374753451676528,0.0322061191626409,0.3214990138067061,0.4009661835748792,0.1400394477317554,0.0692431561996779,0.0019723865877712,0.0,0.0019723865877712,0.0080515297906602,0.0039447731755424,0.001610305958132,0.0019723865877712,0.0,0.0355029585798816,0.0338164251207729,0.0,0.0,0.0236686390532544,0.0322061191626409,0.4319526627218935,0.4219001610305958
ep_299_whisperx_diarized.gender.host_guest,FEMALE->MALE,female,male,0.2023121387283237,0.0312750601443464,0.1965317919075144,0.2846832397754611,0.2167630057803468,0.0425020048115477,0.0057803468208092,0.0032076984763432,0.0317919075144508,0.0072173215717722,0.0,0.0,0.0,0.0008019246190858,0.0115606936416184,0.0104250200481154,0.0,0.0,0.0289017341040462,0.0088211708099438,0.3063583815028902,0.6110665597433841
ep_300_whisperx_diarized.gender.host_guest,FEMALE->FEMALE,female,female,0.1052631578947368,0.01707779886148,0.3618421052631579,0.366223908918406,0.1578947368421052,0.0284629981024667,0.006578947368421,0.0018975332068311,0.0131578947368421,0.0094876660341555,0.0,0.0,0.0,0.0,0.0197368421052631,0.0208728652751423,0.0,0.0,0.0197368421052631,0.0246679316888045,0.3157894736842105,0.5313092979127134
ep_301_whisperx_diarized.gender.host_guest,FEMALE->MALE,female,male,0.1098901098901098,0.0072697899838449,0.3956043956043956,0.3505654281098546,0.1538461538461538,0.024232633279483,0.0,0.0008077544426494,0.0219780219780219,0.005654281098546,0.0109890109890109,0.0008077544426494,0.0,0.0,0.0219780219780219,0.0218093699515347,0.0,0.0,0.0329670329670329,0.029886914378029,0.2527472527472527,0.5589660743134087
ep_302_whisperx_diarized.gender.host_guest,FEMALE->FEMALE,female,female,0.1111111111111111,0.0538461538461538,0.2833333333333333,0.4107692307692308,0.1722222222222222,0.0507692307692307,0.0055555555555555,0.0015384615384615,0.0333333333333333,0.02,0.0055555555555555,0.0015384615384615,0.0055555555555555,0.0,0.0222222222222222,0.0184615384615384,0.0,0.0,0.0333333333333333,0.023076923076923,0.3277777777777778,0.42
ep_303_whisperx_diarized.gender.host_guest,FEMALE->FEMALE,female,female,0.0633802816901408,0.009090909090909,0.2394366197183098,0.2136363636363636,0.3028169014084507,0.0181818181818181,0.0070422535211267,0.0045454545454545,0.0140845070422535,0.0,0.0070422535211267,0.0045454545454545,0.0,0.0,0.0070422535211267,0.0045454545454545,0.0,0.0,0.0422535211267605,0.0227272727272727,0.3169014084507042,0.7227272727272728
ep_304_whisperx_diarized.gender.host_guest,FEMALE->MALE,female,male,0.0666666666666666,0.0422535211267605,0.3809523809523809,0.25,0.1714285714285714,0.028169014084507,0.0,0.0140845070422535,0.019047619047619,0.0105633802816901,0.0095238095238095,0.0070422535211267,0.0,0.0,0.0380952380952381,0.0035211267605633,0.0,0.0,0.0095238095238095,0.0140845070422535,0.3047619047619048,0.6302816901408451
ep_305_whisperx_diarized.gender.host_guest,FEMALE->MALE,female,male,0.0184049079754601,0.0087815587266739,0.3926380368098159,0.4006586169045005,0.2392638036809816,0.0504939626783754,0.0061349693251533,0.0010976948408342,0.0184049079754601,0.0065861690450054,0.0061349693251533,0.0,0.0,0.0010976948408342,0.0613496932515337,0.0120746432491767,0.0061349693251533,0.0,0.0245398773006134,0.0043907793633369,0.2269938650306748,0.5148188803512623
ep_306_whisperx_diarized.gender.host_guest,FEMALE->MALE,female,male,0.0186335403726708,0.0191846522781774,0.3726708074534161,0.3597122302158273,0.217391304347826,0.0407673860911271,0.0,0.0023980815347721,0.0248447204968944,0.0023980815347721,0.0062111801242236,0.0095923261390887,0.0,0.0,0.0434782608695652,0.0095923261390887,0.0,0.0023980815347721,0.0372670807453416,0.0359712230215827,0.2795031055900621,0.5179856115107914
ep_307_whisperx_diarized.gender.host_guest,FEMALE->MALE,female,male,0.1345291479820627,0.065126050420168,0.2197309417040358,0.3088235294117647,0.179372197309417,0.0693277310924369,0.0134529147982062,0.0,0.0403587443946188,0.0294117647058823,0.0,0.0063025210084033,0.0,0.0,0.0269058295964125,0.0042016806722689,0.0,0.0021008403361344,0.0538116591928251,0.0315126050420168,0.3318385650224215,0.4831932773109244
ep_308_whisperx_diarized.gender.host_guest,FEMALE->FEMALE,female,female,0.0253164556962025,0.0150943396226415,0.4430379746835443,0.3383647798742138,0.2784810126582278,0.130817610062893,0.0,0.0062893081761006,0.0,0.0025157232704402,0.0,0.0,0.0,0.0,0.0253164556962025,0.0075471698113207,0.0126582278481012,0.0012578616352201,0.0,0.0075471698113207,0.2151898734177215,0.490566037735849
ep_309_whisperx_diarized.gender.host_guest,FEMALE->MALE,female,male,0.0169491525423728,0.0089285714285714,0.3813559322033898,0.3788265306122449,0.4576271186440678,0.0599489795918367,0.0,0.0,0.0,0.0051020408163265,0.0,0.0,0.0,0.0,0.0,0.0267857142857142,0.0084745762711864,0.0,0.0,0.0038265306122448,0.135593220338983,0.5165816326530612
ep_310_whisperx_diarized.gender.host_guest,FEMALE->FEMALE,female,female,0.041860465116279,0.0236220472440944,0.3441860465116279,0.2992125984251969,0.1534883720930232,0.0377952755905511,0.0093023255813953,0.0015748031496062,0.0186046511627906,0.0094488188976377,0.0,0.0,0.0,0.0015748031496062,0.0325581395348837,0.0078740157480314,0.0046511627906976,0.0,0.0186046511627906,0.0204724409448818,0.3767441860465116,0.5984251968503937
ep_311_whisperx_diarized.gender.host_guest,FEMALE->FEMALE,female,female,0.2857142857142857,0.088937093275488,0.3007518796992481,0.2451193058568329,0.1654135338345864,0.0759219088937093,0.0075187969924812,0.0,0.0,0.0086767895878524,0.0075187969924812,0.0086767895878524,0.0,0.0,0.037593984962406,0.0108459869848156,0.0,0.0,0.0300751879699248,0.0151843817787418,0.1654135338345864,0.5466377440347071
ep_312_whisperx_diarized.gender.host_guest,FEMALE->MALE,female,male,0.0227272727272727,0.0095602294455066,0.3939393939393939,0.5391969407265774,0.2727272727272727,0.0382409177820267,0.0,0.0,0.0,0.0038240917782026,0.0,0.0,0.0,0.0,0.0378787878787878,0.0095602294455066,0.0,0.0,0.0227272727272727,0.0076481835564053,0.25,0.3919694072657744
ep_315_whisperx_diarized.gender.host_guest,FEMALE->MALE,female,male,0.2310924369747899,0.0476190476190476,0.2310924369747899,0.2247619047619047,0.2352941176470588,0.0380952380952381,0.0,0.0,0.0378151260504201,0.0361904761904761,0.0,0.0,0.0,0.0019047619047619,0.0,0.0019047619047619,0.0,0.0019047619047619,0.0252100840336134,0.0171428571428571,0.2394957983193277,0.6304761904761905
ep_316_whisperx_diarized.gender.host_guest,FEMALE->FEMALE,female,female,0.1358024691358024,0.092378752886836,0.2530864197530864,0.1570438799076212,0.2839506172839506,0.0600461893764434,0.0,0.0023094688221709,0.0123456790123456,0.023094688221709,0.0123456790123456,0.0,0.0,0.0,0.037037037037037,0.023094688221709,0.0,0.0,0.0308641975308641,0.0346420323325635,0.2345679012345679,0.6073903002309469
ep_317_whisperx_diarized.gender.host_guest,FEMALE->MALE,female,male,0.0784313725490196,0.0126315789473684,0.5098039215686274,0.5747368421052632,0.284313725490196,0.04,0.0,0.0,0.0,0.0,0.0,0.0021052631578947,0.0,0.0,0.0,0.0336842105263157,0.0,0.0,0.0490196078431372,0.0042105263157894,0.0784313725490196,0.3326315789473684
ep_318_whisperx_diarized.gender.host_guest,FEMALE->MALE,female,male,0.0843373493975903,0.0201005025125628,0.253012048192771,0.2814070351758794,0.2469879518072289,0.0184254606365159,0.0060240963855421,0.0016750418760469,0.0,0.0050251256281407,0.0060240963855421,0.0,0.0,0.0,0.036144578313253,0.0150753768844221,0.0,0.0,0.0120481927710843,0.0150753768844221,0.3554216867469879,0.6432160804020101
ep_320_whisperx_diarized.gender.host_guest,FEMALE->MALE,female,male,0.0617283950617283,0.0068027210884353,0.2962962962962963,0.3151927437641723,0.3209876543209876,0.1133786848072562,0.0,0.0068027210884353,0.0,0.0045351473922902,0.0,0.0022675736961451,0.0,0.0,0.037037037037037,0.0045351473922902,0.0,0.0,0.0,0.0136054421768707,0.2839506172839506,0.5328798185941043
ep_321_whisperx_diarized.gender.host_guest,FEMALE->MALE,female,male,0.03125,0.007183908045977,0.5104166666666666,0.5258620689655172,0.2395833333333333,0.0387931034482758,0.0,0.0028735632183908,0.0,0.0043103448275862,0.0,0.0014367816091954,0.0,0.0,0.0208333333333333,0.0086206896551724,0.0,0.0028735632183908,0.0104166666666666,0.0100574712643678,0.1875,0.3979885057471264
ep_322_whisperx_diarized.gender.host_guest,FEMALE->MALE,female,male,0.0279329608938547,0.0050761421319796,0.3966480446927374,0.3417935702199661,0.1955307262569832,0.05414551607445,0.0,0.0033840947546531,0.0055865921787709,0.0067681895093062,0.0,0.0016920473773265,0.0,0.0,0.0167597765363128,0.0118443316412859,0.0,0.0,0.0223463687150838,0.0186125211505922,0.3351955307262569,0.55668358714044
ep_323_whisperx_diarized.gender.host_guest,FEMALE->FEMALE,female,female,0.0352941176470588,0.0193298969072164,0.3764705882352941,0.2435567010309278,0.1529411764705882,0.1108247422680412,0.0,0.0322164948453608,0.0235294117647058,0.0025773195876288,0.0,0.0051546391752577,0.0,0.0,0.0588235294117647,0.009020618556701,0.0117647058823529,0.0,0.0705882352941176,0.018041237113402,0.2705882352941176,0.5592783505154639
ep_324_whisperx_diarized.gender.host_guest,FEMALE->MALE,female,male,0.015267175572519,0.0151630022744503,0.2977099236641221,0.3313115996967399,0.3129770992366412,0.0636846095526914,0.0,0.001516300227445,0.0229007633587786,0.0037907505686125,0.0,0.0,0.0,0.0,0.0610687022900763,0.0159211523881728,0.0,0.0007581501137225,0.015267175572519,0.0075815011372251,0.2748091603053435,0.5602729340409401
ep_325_whisperx_diarized.gender.host_guest,FEMALE->FEMALE,female,female,0.0583333333333333,0.0185185185185185,0.3333333333333333,0.2106481481481481,0.2,0.074074074074074,0.0,0.0,0.0166666666666666,0.011574074074074,0.0083333333333333,0.0,0.0,0.0,0.0333333333333333,0.0185185185185185,0.0,0.0,0.0,0.0162037037037037,0.35,0.6504629629629629
ep_326_whisperx_diarized.gender.host_guest,FEMALE->MALE,female,male,0.0096153846153846,0.0129870129870129,0.4230769230769231,0.3019480519480519,0.125,0.0487012987012987,0.0,0.0,0.0,0.0,0.0288461538461538,0.0032467532467532,0.0,0.0032467532467532,0.0288461538461538,0.0259740259740259,0.0,0.0032467532467532,0.048076923076923,0.0097402597402597,0.3365384615384615,0.5909090909090909
ep_327_whisperx_diarized.gender.host_guest,FEMALE->FEMALE,female,female,0.0,0.0102301790281329,0.4523809523809524,0.2327365728900255,0.2857142857142857,0.0792838874680307,0.0,0.0025575447570332,0.0119047619047619,0.0051150895140664,0.0,0.0025575447570332,0.0,0.0,0.0595238095238095,0.0051150895140664,0.0,0.0,0.0,0.0255754475703324,0.1904761904761904,0.6368286445012787
ep_328_whisperx_diarized.gender.host_guest,FEMALE->MALE,female,male,0.0,0.0030211480362537,0.4035087719298245,0.622356495468278,0.3157894736842105,0.0543806646525679,0.0175438596491228,0.0,0.0,0.0,0.0,0.0,0.0,0.0,0.0350877192982456,0.0,0.0,0.0,0.0175438596491228,0.0151057401812688,0.2105263157894736,0.3051359516616314
ep_329_whisperx_diarized.gender.host_guest,FEMALE->FEMALE,female,female,0.0492610837438423,0.0231660231660231,0.3497536945812808,0.2957528957528957,0.1724137931034483,0.0617760617760617,0.0,0.0007722007722007,0.0197044334975369,0.0092664092664092,0.0098522167487684,0.0015444015444015,0.0,0.0007722007722007,0.0147783251231527,0.0231660231660231,0.0,0.0,0.0394088669950738,0.0115830115830115,0.3448275862068966,0.5722007722007721
ep_330_whisperx_diarized.gender.host_guest,FEMALE->FEMALE,female,female,0.0245614035087719,0.020033388981636,0.2385964912280701,0.2988313856427379,0.1964912280701754,0.0467445742904841,0.0140350877192982,0.003338898163606,0.0140350877192982,0.006677796327212,0.0070175438596491,0.001669449081803,0.0035087719298245,0.0,0.0140350877192982,0.015025041736227,0.0,0.0,0.0245614035087719,0.018363939899833,0.4631578947368421,0.5893155258764607
ep_331_whisperx_diarized.gender.host_guest,FEMALE->MALE,female,male,0.0273972602739726,0.0064308681672025,0.3013698630136986,0.3440514469453376,0.410958904109589,0.0482315112540192,0.0136986301369863,0.0,0.0136986301369863,0.0128617363344051,0.0,0.0,0.0,0.0,0.0410958904109589,0.0192926045016077,0.0136986301369863,0.0,0.0136986301369863,0.0096463022508038,0.1643835616438356,0.5594855305466238
ep_332_whisperx_diarized.gender.host_guest,FEMALE->MALE,female,male,0.0396039603960396,0.0188679245283018,0.396039603960396,0.3136792452830189,0.1584158415841584,0.0400943396226415,0.0099009900990099,0.0023584905660377,0.0,0.0,0.0198019801980198,0.0,0.0,0.0,0.0396039603960396,0.0165094339622641,0.0,0.0,0.0198019801980198,0.0023584905660377,0.3168316831683168,0.6061320754716981
ep_334_whisperx_diarized.gender.host_guest,FEMALE->MALE,female,male,0.0404040404040404,0.0113960113960113,0.3636363636363636,0.4700854700854701,0.202020202020202,0.0327635327635327,0.005050505050505,0.0,0.0151515151515151,0.0028490028490028,0.0,0.0,0.0,0.0,0.0353535353535353,0.0185185185185185,0.0,0.0,0.0707070707070707,0.0299145299145299,0.2676767676767677,0.4344729344729344
ep_335_whisperx_diarized.gender.host_guest,FEMALE->FEMALE,female,female,0.0873362445414847,0.0258620689655172,0.3187772925764192,0.2385057471264367,0.222707423580786,0.0402298850574712,0.0,0.0028735632183908,0.0436681222707423,0.0057471264367816,0.0043668122270742,0.0086206896551724,0.0,0.0,0.0480349344978165,0.0086206896551724,0.0,0.0,0.0305676855895196,0.0344827586206896,0.2445414847161572,0.6350574712643678
ep_336_whisperx_diarized.gender.host_guest,FEMALE->FEMALE,female,female,0.1073825503355704,0.0474040632054176,0.2416107382550335,0.2505643340857788,0.1208053691275167,0.0711060948081264,0.0134228187919463,0.0011286681715575,0.0100671140939597,0.0124153498871331,0.0033557046979865,0.0011286681715575,0.0067114093959731,0.0011286681715575,0.0067114093959731,0.0067720090293453,0.0,0.0011286681715575,0.0704697986577181,0.0259593679458239,0.4194630872483221,0.5812641083521445
ep_337_whisperx_diarized.gender.host_guest,FEMALE->MALE,female,male,0.0578512396694214,0.0268767377201112,0.3677685950413223,0.5514365152919369,0.2314049586776859,0.0435588507877664,0.0,0.0,0.0165289256198347,0.0037071362372567,0.0041322314049586,0.0018535681186283,0.0,0.0,0.0578512396694214,0.0806302131603336,0.0041322314049586,0.0009267840593141,0.0413223140495867,0.0166821130676552,0.2190082644628099,0.2743280815569972
ep_338_whisperx_diarized.gender.host_guest,FEMALE->MALE,female,male,0.1118881118881118,0.0246781115879828,0.3041958041958042,0.3497854077253219,0.1783216783216783,0.0482832618025751,0.0034965034965034,0.0042918454935622,0.0524475524475524,0.0107296137339055,0.0,0.0,0.0,0.0,0.0279720279720279,0.0171673819742489,0.0,0.0010729613733905,0.0489510489510489,0.0182403433476394,0.2727272727272727,0.5257510729613734
ep_339_whisperx_diarized.gender.host_guest,FEMALE->FEMALE,female,female,0.0734597156398104,0.02803738317757,0.2867298578199052,0.2953271028037383,0.1895734597156398,0.02803738317757,0.0047393364928909,0.0018691588785046,0.0165876777251184,0.0130841121495327,0.0094786729857819,0.0018691588785046,0.0023696682464454,0.0,0.0284360189573459,0.0299065420560747,0.0,0.0,0.0189573459715639,0.0205607476635514,0.3696682464454976,0.5813084112149532
ep_340_whisperx_diarized.gender.host_guest,FEMALE->MALE,female,male,0.085,0.0382409177820267,0.245,0.2887189292543021,0.355,0.0076481835564053,0.01,0.0019120458891013,0.02,0.011472275334608,0.0,0.0019120458891013,0.0,0.0019120458891013,0.05,0.0076481835564053,0.0,0.0,0.04,0.0210325047801147,0.195,0.6195028680688337
ep_342_whisperx_diarized.gender.host_guest,FEMALE->MALE,female,male,0.0866141732283464,0.0146082337317397,0.4015748031496063,0.4687915006640106,0.2204724409448819,0.049136786188579,0.0,0.0,0.0236220472440944,0.0013280212483399,0.0,0.0,0.0,0.0,0.0472440944881889,0.0159362549800796,0.0,0.0,0.0236220472440944,0.0053120849933598,0.1968503937007874,0.4448871181938911
ep_343_whisperx_diarized.gender.host_guest,FEMALE->FEMALE,female,female,0.0476190476190476,0.0490196078431372,0.3333333333333333,0.2696078431372549,0.2678571428571428,0.022875816993464,0.0,0.0016339869281045,0.0357142857142857,0.0098039215686274,0.0059523809523809,0.0016339869281045,0.0,0.0,0.0833333333333333,0.0522875816993464,0.0,0.0,0.0178571428571428,0.034313725490196,0.2083333333333333,0.5588235294117647
ep_344_whisperx_diarized.gender.host_guest,FEMALE->FEMALE,female,female,0.0128205128205128,0.0087412587412587,0.5,0.583916083916084,0.3076923076923077,0.0454545454545454,0.0,0.0,0.0,0.0,0.0,0.0,0.0,0.0,0.0576923076923076,0.0506993006993006,0.0,0.0017482517482517,0.0256410256410256,0.0104895104895104,0.0961538461538461,0.2989510489510489
ep_345_whisperx_diarized.gender.host_guest,FEMALE->MALE,female,male,0.1003134796238244,0.02,0.2727272727272727,0.4622222222222222,0.2758620689655172,0.0522222222222222,0.0,0.0011111111111111,0.0282131661442006,0.0033333333333333,0.0,0.0,0.0,0.0,0.0313479623824451,0.0677777777777777,0.0,0.0,0.0376175548589341,0.02,0.2539184952978056,0.3733333333333333
ep_346_whisperx_diarized.gender.host_guest,FEMALE->FEMALE,female,female,0.0432432432432432,0.0222929936305732,0.3351351351351351,0.3312101910828025,0.3351351351351351,0.054140127388535,0.0,0.0031847133757961,0.0216216216216216,0.0031847133757961,0.027027027027027,0.0,0.0,0.0,0.0216216216216216,0.0159235668789808,0.0,0.0,0.0216216216216216,0.0063694267515923,0.1945945945945946,0.5636942675159236
ep_349_whisperx_diarized.gender.host_guest,FEMALE->FEMALE,female,female,0.0596026490066225,0.035756853396901,0.2549668874172185,0.2598331346841478,0.2086092715231788,0.0214541120381406,0.0033112582781456,0.0,0.0231788079470198,0.0107270560190703,0.0066225165562913,0.0,0.0,0.00119189511323,0.0331125827814569,0.0107270560190703,0.0066225165562913,0.00119189511323,0.0529801324503311,0.0119189511323003,0.3509933774834437,0.6471990464839095
ep_350_whisperx_diarized.gender.host_guest,FEMALE->FEMALE,female,female,0.0745762711864406,0.0249653259361997,0.2135593220338983,0.260748959778086,0.2372881355932203,0.0471567267683772,0.0067796610169491,0.0,0.0169491525423728,0.015256588072122,0.0101694915254237,0.0,0.0,0.0,0.0203389830508474,0.0110957004160887,0.0033898305084745,0.0041608876560332,0.0135593220338983,0.029126213592233,0.4033898305084746,0.6074895977808599
ep_351_whisperx_diarized.gender.host_guest,FEMALE->FEMALE,female,female,0.0384615384615384,0.0216847372810675,0.4384615384615384,0.5587989991659716,0.2923076923076923,0.0650542118432026,0.0,0.0,0.0,0.006672226855713,0.0076923076923076,0.0,0.0,0.0,0.0692307692307692,0.0433694745621351,0.0,0.0,0.0076923076923076,0.0050041701417848,0.1461538461538461,0.2994161801501251
ep_352_whisperx_diarized.gender.host_guest,FEMALE->FEMALE,female,female,0.0427807486631016,0.0209424083769633,0.481283422459893,0.4581151832460733,0.1470588235294117,0.0340314136125654,0.0026737967914438,0.0,0.0133689839572192,0.0157068062827225,0.0080213903743315,0.0026178010471204,0.0,0.0,0.0294117647058823,0.0157068062827225,0.0,0.0,0.0187165775401069,0.0261780104712041,0.2566844919786096,0.4267015706806282
ep_353_whisperx_diarized.gender.host_guest,FEMALE->FEMALE,female,female,0.0510948905109489,0.019538188277087,0.4306569343065693,0.5364120781527532,0.2992700729927007,0.0461811722912966,0.0,0.0,0.0,0.0035523978685612,0.0145985401459854,0.0071047957371225,0.0,0.0,0.0656934306569343,0.0426287744227353,0.0072992700729927,0.0,0.0218978102189781,0.0071047957371225,0.1094890510948905,0.3374777975133214
ep_354_whisperx_diarized.gender.host_guest,FEMALE->FEMALE,female,female,0.0346534653465346,0.0116822429906542,0.3069306930693069,0.3341121495327103,0.3811881188118812,0.0560747663551401,0.0049504950495049,0.0070093457943925,0.0346534653465346,0.0023364485981308,0.0049504950495049,0.0,0.0,0.0,0.0346534653465346,0.0023364485981308,0.0,0.0023364485981308,0.0148514851485148,0.0163551401869158,0.1831683168316831,0.5677570093457944
ep_355_whisperx_diarized.gender.host_guest,FEMALE->FEMALE,female,female,0.0391304347826087,0.0190615835777126,0.4,0.2067448680351906,0.3,0.0513196480938416,0.0,0.002932551319648,0.0217391304347826,0.0043988269794721,0.008695652173913,0.0,0.0,0.001466275659824,0.0304347826086956,0.0102639296187683,0.0,0.001466275659824,0.0130434782608695,0.0249266862170087,0.1869565217391304,0.6774193548387096
ep_356_whisperx_diarized.gender.host_guest,FEMALE->FEMALE,female,female,0.025,0.0092879256965944,0.365,0.3095975232198142,0.265,0.0557275541795665,0.005,0.001547987616099,0.015,0.0,0.0,0.0,0.0,0.0,0.02,0.0108359133126934,0.0,0.0,0.045,0.0123839009287925,0.26,0.6006191950464397
ep_358_whisperx_diarized.gender.host_guest,FEMALE->FEMALE,female,female,0.0507614213197969,0.0281923714759535,0.2893401015228426,0.2719734660033167,0.1979695431472081,0.0613598673300165,0.0050761421319796,0.0049751243781094,0.015228426395939,0.011608623548922,0.0050761421319796,0.0033167495854063,0.0,0.0,0.0456852791878172,0.0281923714759535,0.0,0.0016583747927031,0.0456852791878172,0.0132669983416252,0.3451776649746192,0.5754560530679934
ep_359_whisperx_diarized.gender.host_guest,FEMALE->FEMALE,female,female,0.0880503144654088,0.0278330019880715,0.3081761006289308,0.3379721669980119,0.2893081761006289,0.0298210735586481,0.0,0.0,0.0062893081761006,0.0139165009940357,0.0,0.003976143141153,0.0,0.0,0.0251572327044025,0.0119284294234592,0.0,0.0,0.050314465408805,0.0278330019880715,0.2327044025157232,0.5467196819085487
ep_360_whisperx_diarized.gender.host_guest,FEMALE->FEMALE,female,female,0.0700636942675159,0.0674556213017751,0.286624203821656,0.2189349112426035,0.2802547770700637,0.0733727810650887,0.0063694267515923,0.0023668639053254,0.0127388535031847,0.0153846153846153,0.0127388535031847,0.0,0.0,0.0,0.0318471337579617,0.0142011834319526,0.0,0.0023668639053254,0.0318471337579617,0.0142011834319526,0.267515923566879,0.591715976331361
