host_name,host_gender,n_episodes,host_speaking_share,dominance_ratio,host_hy_hedge_per_1k,guest_hy_hedge_per_1k,host_hy_booster_per_1k,guest_hy_booster_per_1k,host_ck_factuality_per_1k,guest_ck_factuality_per_1k,host_ck_deference_per_1k,guest_ck_deference_per_1k,host_ck_direct_question_per_1k
Faye Dsouza,female,33,0.1891956400668311,0.23334314591306055,4.117108874656907,8.302761150801313,5.85321927059883,4.5890696704213605,1.8298261665141813,1.7106810648989628,0.0,0.0,4.154302670623145
Karishma Mehta,female,60,0.17974257972081495,0.21913907927610077,4.667255846997303,7.236766518276443,5.8178055056553415,5.1342069411757745,1.0939090762043406,1.4545637262763513,0.0,0.0,6.6180048661800495
Pooja Dhingra,female,9,0.24299242424242423,0.32099074305729297,7.530930607853684,10.507880910683012,6.235385814497272,7.505629221916437,2.0689655172413794,1.7706949977866313,0.0,0.0,3.431708991077557
Soha Ali Khan,female,2,0.21934074950093724,0.2889460791651027,8.793820474420421,8.222233608208963,4.2443896487001425,3.4188913477502956,0.8597615850376792,0.9170663915607578,0.0,0.0,2.3625553186945023
Nikhil Kamath,male,15,0.21685363483791184,0.2769005188360027,10.925819436457736,13.427825438269302,3.593890386343217,6.429054816151591,1.0270455323519343,1.7080053467993466,0.0,0.0,3.4502587694077054
Prakhar Gupta,male,23,0.2972794117647059,0.4230407031495239,5.306844468635188,4.067365745154115,3.788835564536499,2.758044295862933,1.5216068167985393,0.9658725048293626,0.1360729350932099,0.0546657191275351,2.3837902264600714
Raj Shamani,male,149,0.22077796100494712,0.28333125855844643,4.142011834319527,3.975727139568948,2.277904328018223,2.229256765794284,0.8521516829995739,0.6933210076265311,0.3716090672612412,0.0,3.878474466709761
Ranveer A,male,75,0.24959894997812454,0.3326207365659314,7.809110629067246,5.317660229499021,4.038179148311307,3.1684382665576454,1.4292520247737015,0.7773782917112039,0.0,0.0,3.79386658235852
Samdish Bhatia,male,23,0.22045602605863193,0.28280127026575297,4.765909728062798,4.051658647758926,3.2618825722274,2.785515320334262,0.4739336492890995,0.978760888714887,0.0,0.0,4.961832061068702
