host_name,host_gender,episodes_female_guest,episodes_male_guest,median_host_share_female_guest,median_host_share_male_guest
Faye Dsouza,female,14.0,19.0,0.19928670921885822,0.19012523150407562
Karishma Mehta,female,32.0,28.0,0.19783717268649223,0.17742115657269758
Pooja Dhingra,female,5.0,4.0,0.217354407552774,0.24229877557542534
Soha Ali Khan,female,1.0,1.0,0.14976974855476352,0.2852945185355708
Nikhil Kamath,male,,15.0,,0.21103963889607852
Prakhar Gupta,male,5.0,18.0,0.30665031507370166,0.21927179626514395
Raj Shamani,male,32.0,117.0,0.25892466970311034,0.20750647778461137
Ranveer A,male,26.0,49.0,0.2673166397207338,0.23125750466529518
Samdish Bhatia,male,4.0,19.0,0.2305550930985451,0.22267218870654143
