episode_id,host_name,dyad,host_gender,guest_gender,host_min,guest_min,host_guest_min,other_speakers_min,episode_min,host_time_share,host_word_share
ep_001_whisperx_diarized.gender.host_guest,Ranveer A,MALE->MALE,male,male,7.26403333333332,24.146983333333296,31.411016666666615,0.0,40.08975,0.23125750466529518,0.28519543410584575
ep_002_whisperx_diarized.gender.host_guest,Raj Shamani,MALE->FEMALE,male,female,11.056916666666634,65.88415,76.94106666666664,0.0,90.46826666666666,0.14370630855130642,0.1400304414003044
ep_003_whisperx_diarized.gender.host_guest,Raj Shamani,MALE->MALE,male,male,9.709600000000007,26.2894333333333,35.99903333333331,0.0,43.36378333333334,0.2697183535483827,0.31322546605698204
ep_004_whisperx_diarized.gender.host_guest,Raj Shamani,MALE->MALE,male,male,10.907716666666714,41.37989999999997,52.287616666666686,0.0,63.9267,0.2086099417421023,0.21849228679538177
ep_005_whisperx_diarized.gender.host_guest,Nikhil Kamath,MALE->MALE,male,male,10.06030000000001,25.334650000000003,35.394950000000016,0.0,45.07178333333333,0.28422981244499584,0.2570921985815603
ep_006_whisperx_diarized.gender.host_guest,Nikhil Kamath,MALE->MALE,male,male,14.319699999999996,62.33013333333349,76.64983333333349,0.0,92.43845,0.1868197147634585,0.18796024880245943
ep_007_whisperx_diarized.gender.host_guest,Nikhil Kamath,MALE->MALE,male,male,10.611599999999974,44.05068333333331,54.662283333333285,0.0,65.8934,0.19413020007396906,0.19160289971808298
ep_008_whisperx_diarized.gender.host_guest,Nikhil Kamath,MALE->MALE,male,male,32.768716666666705,70.64595000000008,103.41466666666679,0.0,138.4433666666667,0.31686720774616106,0.317079770537937
ep_009_whisperx_diarized.gender.host_guest,Ranveer A,MALE->FEMALE,male,female,10.867099999999956,29.886849999999917,40.753949999999875,0.0,50.59153333333334,0.26665145341739854,0.2775151924375422
ep_010_whisperx_diarized.gender.host_guest,Nikhil Kamath,MALE->MALE,male,male,18.539349999999818,63.015583333333275,81.5549333333331,0.0,107.82018333333333,0.22732346459318878,0.22033487017714148
ep_011_whisperx_diarized.gender.host_guest,,FEMALE->FEMALE,female,female,7.98519999999999,45.5959833333333,53.58118333333329,0.0,64.39103333333334,0.14902992997230674,0.17203023758099353
ep_012_whisperx_diarized.gender.host_guest,Raj Shamani,MALE->MALE,male,male,12.906899999999853,97.1099500000001,110.01684999999995,0.0,131.71945,0.11731748364000477,0.11219787862980352
ep_013_whisperx_diarized.gender.host_guest,Faye Dsouza,FEMALE->FEMALE,female,female,8.030433333333288,31.376333333333324,39.40676666666661,0.0,46.53648333333333,0.20378310662381924,0.20259707513867878
ep_014_whisperx_diarized.gender.host_guest,Ranveer A,MALE->FEMALE,male,female,21.40328333333328,47.791233333333246,69.19451666666653,0.0,88.52566666666667,0.3093205121504087,0.31762466692044156
ep_015_whisperx_diarized.gender.host_guest,Soha Ali Khan,FEMALE->FEMALE,female,female,8.805083333333396,49.98571666666664,58.79080000000003,0.0,71.12061666666666,0.14976974855476352,0.15701042873696408
ep_016_whisperx_diarized.gender.host_guest,Raj Shamani,MALE->FEMALE,male,female,9.13610000000012,48.227066666666765,57.363166666666885,0.0,76.62471666666667,0.1592677066294007,0.18164915868736636
ep_017_whisperx_diarized.gender.host_guest,Ranveer A,MALE->FEMALE,male,female,37.70285000000019,67.62036666666673,105.32321666666692,0.0,127.77545,0.3579728306183847,0.35682352398949163
ep_018_whisperx_diarized.gender.host_guest,Faye Dsouza,FEMALE->MALE,female,male,11.990866666666594,51.41498333333337,63.40584999999996,0.0,73.09076666666667,0.18911293936863244,0.16657159155733028
ep_019_whisperx_diarized.gender.host_guest,Ranveer A,MALE->MALE,male,male,9.588866666666677,30.254500000000064,39.84336666666674,0.0,49.8959,0.24066406704252719,0.26495398773006135
ep_020_whisperx_diarized.gender.host_guest,Raj Shamani,MALE->MALE,male,male,9.981666666666678,37.50978333333334,47.491450000000015,0.0,55.72533333333333,0.2101781829501242,0.1937941797484623
ep_021_whisperx_diarized.gender.host_guest,Raj Shamani,MALE->MALE,male,male,15.727666666666586,92.70753333333333,108.43519999999992,0.0,136.95033333333333,0.14504207735741342,0.1517478564025252
ep_022_whisperx_diarized.gender.host_guest,,FEMALE->MALE,female,male,10.084816666666676,22.24461666666668,32.329433333333355,0.0,40.09708333333333,0.31193917204446314,0.314746785620572
ep_023_whisperx_diarized.gender.host_guest,Ranveer A,MALE->MALE,male,male,13.355716666666698,32.42946666666668,45.78518333333338,0.0,54.463116666666664,0.2917039027545669,0.27912568306010926
ep_024_whisperx_diarized.gender.host_guest,,FEMALE->MALE,female,male,1.6752500000000248,40.13534999999995,41.81059999999998,0.0,53.79925,0.04006759051532448,0.03816466552315609
ep_025_whisperx_diarized.gender.host_guest,Raj Shamani,MALE->MALE,male,male,14.043299999999943,63.038583333333456,77.0818833333334,0.0,96.37908333333333,0.1821867784323718,0.1691449814126394
ep_026_whisperx_diarized.gender.host_guest,Raj Shamani,MALE->MALE,male,male,10.342766666666682,22.233116666666625,32.57588333333331,0.0,40.28491666666666,0.3174976580322976,0.32782321211066645
ep_027_whisperx_diarized.gender.host_guest,Raj Shamani,MALE->MALE,male,male,13.538333333333282,51.071516666666476,64.60984999999975,0.0,87.03068333333334,0.2095397734762321,0.20811313732787495
ep_028_whisperx_diarized.gender.host_guest,Raj Shamani,MALE->MALE,male,male,13.582799999999926,75.31216666666654,88.89496666666646,0.0,110.12665,0.15279605256990506,0.1630488103998038
ep_029_whisperx_diarized.gender.host_guest,Raj Shamani,MALE->MALE,male,male,19.315466666666392,107.54591666666698,126.86138333333338,0.0,149.45593333333332,0.15225647205749152,0.1472547108512021
ep_030_whisperx_diarized.gender.host_guest,Raj Shamani,MALE->FEMALE,male,female,31.788100000000053,65.9257666666667,97.71386666666676,0.0,126.65775000000001,0.3253182079923152,0.33446986361636605
ep_031_whisperx_diarized.gender.host_guest,Soha Ali Khan,FEMALE->MALE,female,male,15.698283333333327,39.32654999999989,55.02483333333322,0.0,64.53741666666666,0.2852945185355708,0.27992342267354753
ep_032_whisperx_diarized.gender.host_guest,Raj Shamani,MALE->FEMALE,male,female,25.204616666666638,85.1139499999997,110.31856666666634,0.0,140.34465,0.22847121231028847,0.2484158368669303
ep_033_whisperx_diarized.gender.host_guest,Raj Shamani,MALE->MALE,male,male,18.79444999999999,62.839549999999825,81.63399999999982,0.0,108.49381666666666,0.23022821373447377,0.25051489770698887
ep_034_whisperx_diarized.gender.host_guest,Raj Shamani,MALE->MALE,male,male,6.905049999999972,39.12828333333335,46.033333333333324,0.0,65.991,0.15000108616944186,0.15958653724946426
ep_035_whisperx_diarized.gender.host_guest,Ranveer A,MALE->MALE,male,male,16.08206666666683,55.49764999999984,71.57971666666667,0.0,84.96520000000001,0.22467351668291732,0.20730032053378689
ep_036_whisperx_diarized.gender.host_guest,Ranveer A,MALE->MALE,male,male,23.5828,34.42173333333317,58.00453333333317,0.0,72.25143333333334,0.40656822225389394,0.39329568880523436
ep_037_whisperx_diarized.gender.host_guest,Ranveer A,MALE->MALE,male,male,3.825816666666711,55.3414666666667,59.16728333333341,0.0,77.72803333333333,0.0646610162091275,0.061555536583283534
ep_038_whisperx_diarized.gender.host_guest,Ranveer A,MALE->MALE,male,male,19.21468333333331,65.22280000000022,84.43748333333353,0.0,106.66611666666667,0.22756106144802513,0.2336982717069476
ep_039_whisperx_diarized.gender.host_guest,Ranveer A,MALE->MALE,male,male,57.73748333333358,82.4700333333334,140.20751666666698,0.0,166.95186666666666,0.41180019949001867,0.3830862533692722
ep_040_whisperx_diarized.gender.host_guest,Ranveer A,MALE->MALE,male,male,19.98623333333337,53.58074999999981,73.56698333333318,0.0,87.34505,0.2716739551868727,0.23531213624946395
ep_041_whisperx_diarized.gender.host_guest,Ranveer A,MALE->FEMALE,male,female,31.470983333333173,69.75426666666667,101.22524999999985,0.0,127.32423333333332,0.31090052465499685,0.31799038795025514
ep_042_whisperx_diarized.gender.host_guest,Ranveer A,MALE->FEMALE,male,female,42.60470000000003,59.61730000000011,102.22200000000014,0.0,127.93236666666667,0.4167860147522057,0.40137791481981117
ep_043_whisperx_diarized.gender.host_guest,Ranveer A,MALE->FEMALE,male,female,19.111499999999992,61.79426666666663,80.90576666666662,0.0,102.10806666666667,0.23621925589976492,0.2582303792044562
ep_044_whisperx_diarized.gender.host_guest,Ranveer A,MALE->MALE,male,male,18.733700000000045,57.94311666666682,76.67681666666687,0.0,97.2662,0.24432026281737912,0.24889340396197662
ep_045_whisperx_diarized.gender.host_guest,,MALE->MALE,male,male,10.548433333333255,69.72294999999995,80.2713833333332,0.0,103.23935,0.13140963685065774,0.15695030854173433
ep_046_whisperx_diarized.gender.host_guest,Nikhil Kamath,MALE->MALE,male,male,14.771649999999973,55.70776666666669,70.47941666666667,0.0,83.84048333333334,0.2095881421644377,0.20002865740077375
ep_047_whisperx_diarized.gender.host_guest,Ranveer A,MALE->MALE,male,male,15.36634999999998,44.293783333333316,59.66013333333329,0.0,75.41623333333334,0.25756479480434713,0.25125761186126555
ep_048_whisperx_diarized.gender.host_guest,Ranveer A,MALE->MALE,male,male,15.867183333333411,72.54903333333316,88.41621666666657,0.0,111.06691666666667,0.17946010281296543,0.14829560949004636
ep_049_whisperx_diarized.gender.host_guest,Ranveer A,MALE->MALE,male,male,3.7850166666666505,64.58056666666674,68.36558333333339,0.0,87.09911666666667,0.0553643585283528,0.06231479867526582
ep_050_whisperx_diarized.gender.host_guest,Ranveer A,MALE->MALE,male,male,20.391216666666775,55.29071666666669,75.68193333333346,0.0,90.06691666666667,0.26943308354525924,0.244283423412722
ep_051_whisperx_diarized.gender.host_guest,Ranveer A,MALE->MALE,male,male,10.144450000000074,56.84754999999998,66.99200000000005,0.0,85.92301666666667,0.1514277824217827,0.1333732505052017
ep_052_whisperx_diarized.gender.host_guest,Ranveer A,MALE->FEMALE,male,female,11.133316666666694,36.534333333333315,47.66765000000001,0.0,59.24248333333333,0.23356126569416977,0.23695414183189392
ep_053_whisperx_diarized.gender.host_guest,Ranveer A,MALE->FEMALE,male,female,24.305500000000183,74.83218333333353,99.13768333333371,0.0,119.77941666666668,0.24516913430664952,0.2392590286425903
ep_054_whisperx_diarized.gender.host_guest,Ranveer A,MALE->MALE,male,male,18.238233333333188,73.84608333333323,92.08431666666641,0.0,114.05964999999999,0.19806014741199945,0.18620760959470636
ep_055_whisperx_diarized.gender.host_guest,Ranveer A,MALE->FEMALE,male,female,25.142200000000052,101.05128333333329,126.19348333333335,0.0,158.23103333333333,0.19923532765624888,0.21641722942142727
ep_056_whisperx_diarized.gender.host_guest,Ranveer A,MALE->MALE,male,male,25.32306666666663,139.42190000000016,164.74496666666678,0.0,196.75725,0.15371071528942987,0.14784900040098528
ep_057_whisperx_diarized.gender.host_guest,Ranveer A,MALE->FEMALE,male,female,18.026533333333326,62.23433333333307,80.2608666666664,0.0,102.86286666666666,0.22459928582879393,0.24747860635696822
ep_058_whisperx_diarized.gender.host_guest,Ranveer A,MALE->FEMALE,male,female,12.394949999999943,33.85799999999998,46.25294999999993,0.0,59.66996666666667,0.267981826024069,0.26487252124645894
ep_059_whisperx_diarized.gender.host_guest,Ranveer A,MALE->MALE,male,male,17.881316666666535,84.89051666666646,102.77183333333299,0.0,128.87025,0.1739904416093248,0.19607642268094042
ep_060_whisperx_diarized.gender.host_guest,Ranveer A,MALE->MALE,male,male,23.189300000000014,57.47931666666664,80.66861666666665,0.0,95.36906666666667,0.2874637121375374,0.2589858404937674
ep_061_whisperx_diarized.gender.host_guest,Ranveer A,MALE->FEMALE,male,female,28.67691666666664,91.83385000000024,120.51076666666688,0.0,148.24478333333334,0.23796144908767422,0.23953596287703016
ep_062_whisperx_diarized.gender.host_guest,Ranveer A,MALE->MALE,male,male,10.522899999999977,50.86451666666669,61.38741666666667,0.0,75.10526666666667,0.1714178665823204,0.1561444969615125
ep_063_whisperx_diarized.gender.host_guest,Nikhil Kamath,MALE->MALE,male,male,11.52338333333334,43.07955000000011,54.60293333333345,0.0,70.40311666666666,0.21103963889607852,0.20353159851301114
ep_064_whisperx_diarized.gender.host_guest,Ranveer A,MALE->FEMALE,male,female,14.844916666666741,46.738683333333384,61.583600000000125,0.0,76.96773333333334,0.2410530833966626,0.240806342780027
ep_065_whisperx_diarized.gender.host_guest,Ranveer A,MALE->MALE,male,male,24.826016666666792,59.53251666666645,84.35853333333324,0.0,101.04628333333334,0.29429170571955754,0.32120332996972756
ep_066_whisperx_diarized.gender.host_guest,Ranveer A,MALE->FEMALE,male,female,14.891050000000044,29.282683333333352,44.173733333333395,0.0,56.124,0.3371019127505642,0.3423072878325797
ep_067_whisperx_diarized.gender.host_guest,Nikhil Kamath,MALE->MALE,male,male,14.097283333333362,44.57106666666672,58.668350000000075,0.0,68.50903333333333,0.24028770765384305,0.21762987875033188
ep_068_whisperx_diarized.gender.host_guest,Ranveer A,MALE->MALE,male,male,6.345016666666683,45.78420000000004,52.12921666666672,0.0,69.52659999999999,0.12171709211053448,0.10796341735445014
ep_069_whisperx_diarized.gender.host_guest,Ranveer A,MALE->MALE,male,male,15.075449999999998,66.18096666666655,81.25641666666655,0.0,98.82986666666667,0.18552934793867584,0.17486928847465333
ep_070_whisperx_diarized.gender.host_guest,Ranveer A,MALE->MALE,male,male,19.85490000000001,100.36978333333309,120.2246833333331,0.0,146.5601,0.16514828277776056,0.14007540129814605
ep_071_whisperx_diarized.gender.host_guest,Ranveer A,MALE->MALE,male,male,9.378033333333358,50.32358333333312,59.701616666666474,0.0,78.3,0.15708173173423368,0.16181229773462782
ep_072_whisperx_diarized.gender.host_guest,Nikhil Kamath,MALE->MALE,male,male,12.061416666666723,56.38956666666668,68.4509833333334,0.0,83.75423333333333,0.17620516286715207,0.18742645822827367
ep_073_whisperx_diarized.gender.host_guest,Ranveer A,MALE->MALE,male,male,21.341249999999967,97.74125000000025,119.08250000000021,0.0,144.64168333333333,0.17921399030084126,0.15591455753006642
ep_074_whisperx_diarized.gender.host_guest,Ranveer A,MALE->FEMALE,male,female,21.799500000000087,38.456450000000025,60.25595000000011,0.0,75.76894999999999,0.3617816995665996,0.36666957812909423
ep_075_whisperx_diarized.gender.host_guest,Nikhil Kamath,MALE->MALE,male,male,17.222649999999945,67.17578333333346,84.3984333333334,0.0,114.15371666666667,0.20406362203405748,0.21872382016196593
ep_076_whisperx_diarized.gender.host_guest,Ranveer A,MALE->MALE,male,male,4.364166666666665,11.660150000000007,16.02431666666667,0.0,21.77556666666667,0.2723465067153148,0.26708278580814715
ep_077_whisperx_diarized.gender.host_guest,Ranveer A,MALE->MALE,male,male,20.364583333333535,88.58124999999998,108.94583333333352,0.0,132.60616666666667,0.18692393008758326,0.16333768900504014
ep_078_whisperx_diarized.gender.host_guest,Ranveer A,MALE->FEMALE,male,female,15.993683333333369,54.703250000000054,70.69693333333342,0.0,91.77008333333333,0.22622881331957845,0.24702485124256213
ep_079_whisperx_diarized.gender.host_guest,Ranveer A,MALE->MALE,male,male,18.4715499999999,68.94396666666668,87.41551666666658,0.0,110.4697,0.21130745094644623,0.2042392782103572
ep_080_whisperx_diarized.gender.host_guest,Ranveer A,MALE->FEMALE,male,female,30.46630000000014,65.65986666666633,96.12616666666648,0.0,116.50111666666666,0.3169407566791581,0.3094627698968837
ep_081_whisperx_diarized.gender.host_guest,Ranveer A,MALE->MALE,male,male,18.012333333333366,67.44231666666695,85.45465000000033,0.0,107.04323333333333,0.21078236624143096,0.21997412069168334
ep_082_whisperx_diarized.gender.host_guest,Ranveer A,MALE->MALE,male,male,15.097116666666656,68.85023333333338,83.94735000000003,0.0,108.09134999999999,0.17984030069640852,0.182522815351919
ep_083_whisperx_diarized.gender.host_guest,Ranveer A,MALE->MALE,male,male,17.19336666666671,29.550183333333273,46.743549999999985,0.0,61.33603333333333,0.3678232968327548,0.371373771277871
ep_084_whisperx_diarized.gender.host_guest,Nikhil Kamath,MALE->MALE,male,male,42.57136666666649,110.74410000000037,153.31546666666685,0.0,179.60718333333335,0.27767170261578156,0.2542756311646005
ep_085_whisperx_diarized.gender.host_guest,Ranveer A,MALE->MALE,male,male,20.8501333333334,41.12028333333343,61.970416666666836,0.0,81.74466666666667,0.33645301185377446,0.34661518238580347
ep_086_whisperx_diarized.gender.host_guest,Ranveer A,MALE->MALE,male,male,19.272266666666745,47.59003333333352,66.86230000000026,0.0,82.96520000000001,0.2882381651045009,0.296505162827641
ep_087_whisperx_diarized.gender.host_guest,Nikhil Kamath,MALE->MALE,male,male,11.914699999999986,52.92970000000012,64.8444000000001,0.0,82.02125,0.1837429292275041,0.20486895062334348
ep_088_whisperx_diarized.gender.host_guest,Ranveer A,MALE->FEMALE,male,female,17.589816666666607,15.481400000000015,33.07121666666662,0.0,42.43703333333334,0.5318769141141354,0.5408693072244474
ep_089_whisperx_diarized.gender.host_guest,,MALE->MALE,male,male,7.411466666666656,39.83834999999998,47.24981666666663,0.0,64.48073333333333,0.15685704600617487,0.18652849740932642
ep_090_whisperx_diarized.gender.host_guest,Ranveer A,MALE->MALE,male,male,32.46151666666684,95.91535000000036,128.37686666666718,0.0,149.98598333333334,0.25286110737500506,0.22794220298757503
ep_091_whisperx_diarized.gender.host_guest,Ranveer A,MALE->MALE,male,male,23.041316666666656,42.92831666666663,65.96963333333329,0.0,84.15285,0.3492715587828542,0.33082046402693405
ep_092_whisperx_diarized.gender.host_guest,Ranveer A,MALE->FEMALE,male,female,12.34618333333332,21.603833333333387,33.950016666666706,0.0,42.67901666666667,0.36365765161627234,0.3524711453092631
ep_093_whisperx_diarized.gender.host_guest,Ranveer A,MALE->FEMALE,male,female,37.51496666666696,75.74158333333362,113.25655000000057,0.0,146.64166666666668,0.3312388260693688,0.33964175530690244
ep_094_whisperx_diarized.gender.host_guest,Ranveer A,MALE->MALE,male,male,22.850899999999903,72.28361666666669,95.1345166666666,0.0,122.53878333333334,0.24019568081756432,0.2517749537617087
ep_095_whisperx_diarized.gender.host_guest,Nikhil Kamath,MALE->MALE,male,male,10.770666666666727,58.038750000000086,68.8094166666668,0.0,82.09801666666667,0.15652896345340386,0.14927887855506133
ep_096_whisperx_diarized.gender.host_guest,Nikhil Kamath,MALE->MALE,male,male,32.54543333333343,61.02289999999998,93.56833333333341,0.0,114.62488333333334,0.3478252970200039,0.3012104524910385
ep_097_whisperx_diarized.gender.host_guest,Ranveer A,MALE->FEMALE,male,female,16.665000000000028,26.821366666666663,43.48636666666669,0.0,56.12846666666667,0.3832235543553501,0.4396848842934515
ep_098_whisperx_diarized.gender.host_guest,Ranveer A,MALE->FEMALE,male,female,31.364799999999935,48.13678333333342,79.50158333333336,0.0,103.74445,0.3945179288882078,0.39369068992049244
ep_099_whisperx_diarized.gender.host_guest,Nikhil Kamath,MALE->MALE,male,male,33.22003333333334,49.547933333333205,82.76796666666655,0.0,110.42771666666665,0.40136340991825004,0.3527173913043478
ep_100_whisperx_diarized.gender.host_guest,Ranveer A,MALE->MALE,male,male,16.722983333333314,46.76815000000012,63.49113333333344,0.0,80.87205,0.26339084617589575,0.2670382569039777
ep_101_whisperx_diarized.gender.host_guest,Ranveer A,MALE->FEMALE,male,female,4.9106499999999995,17.639333333333344,22.549983333333344,0.0,29.230116666666667,0.21776734498695108,0.2319277108433735
ep_102_whisperx_diarized.gender.host_guest,Ranveer A,MALE->MALE,male,male,26.797866666666753,92.42741666666656,119.22528333333331,0.0,149.96661666666665,0.22476664275768207,0.22145251396648044
ep_103_whisperx_diarized.gender.host_guest,Ranveer A,MALE->MALE,male,male,27.59153333333337,31.60503333333328,59.196566666666655,0.0,75.75641666666667,0.46610022991198324,0.4782727770677378
ep_104_whisperx_diarized.gender.host_guest,Ranveer A,MALE->MALE,male,male,14.790466666666596,63.71618333333334,78.50664999999994,0.0,99.10844999999999,0.1883976283113164,0.1859787104210455
ep_105_whisperx_diarized.gender.host_guest,Ranveer A,MALE->MALE,male,male,28.157016666666777,71.7922000000003,99.94921666666708,0.0,129.52736666666667,0.28171323003531956,0.2782683816471492
ep_106_whisperx_diarized.gender.host_guest,Ranveer A,MALE->MALE,male,male,16.0368833333333,32.557050000000075,48.593933333333375,0.0,65.1283,0.330018219009505,0.32773928107405803
ep_107_whisperx_diarized.gender.host_guest,Ranveer A,MALE->MALE,male,male,13.577133333333316,61.21678333333328,74.7939166666666,0.0,98.14896666666667,0.18152724096322442,0.18641641482424048
ep_108_whisperx_diarized.gender.host_guest,Ranveer A,MALE->MALE,male,male,13.925016666666581,88.08421666666646,102.00923333333304,0.0,120.02613333333333,0.13650741419812606,0.1426997796915682
ep_109_whisperx_diarized.gender.host_guest,Ranveer A,MALE->MALE,male,male,12.215366666666648,42.22614999999995,54.441516666666594,0.0,69.58383333333333,0.22437594348185863,0.21102066374452097
ep_110_whisperx_diarized.gender.host_guest,Ranveer A,MALE->FEMALE,male,female,22.97069999999991,70.6048500000001,93.57555,0.0,117.22901666666667,0.24547758468958938,0.2712321077743475
ep_111_whisperx_diarized.gender.host_guest,Ranveer A,MALE->FEMALE,male,female,3.673449999999971,65.14716666666669,68.82061666666667,0.0,88.97015,0.05337717355530774,0.053986968662736584
ep_112_whisperx_diarized.gender.host_guest,Ranveer A,MALE->FEMALE,male,female,7.866416666666563,84.97380000000014,92.8402166666667,0.0,113.06195,0.0847307012962941,0.09778786159954622
ep_113_whisperx_diarized.gender.host_guest,Ranveer A,MALE->MALE,male,male,12.696399999999985,27.9696166666667,40.666016666666685,0.0,50.182900000000004,0.3122115476435889,0.2790639780931043
ep_114_whisperx_diarized.gender.host_guest,Faye Dsouza,FEMALE->MALE,female,male,5.591849999999983,27.30113333333336,32.89298333333335,0.0,40.698883333333335,0.17000130220274884,0.1864406779661017
ep_115_whisperx_diarized.gender.host_guest,,FEMALE->MALE,female,male,9.782166666666692,46.92403333333333,56.70620000000002,0.0,67.6331,0.1725061221994542,0.1563910945041258
ep_116_whisperx_diarized.gender.host_guest,,FEMALE->MALE,female,male,8.932716666666689,45.49313333333329,54.42584999999998,0.0,66.29433333333333,0.16412636029876781,0.17418108207581892
ep_117_whisperx_diarized.gender.host_guest,Faye Dsouza,FEMALE->MALE,female,male,17.877666666666663,113.57208333333352,131.4497500000002,0.0,150.09296666666665,0.13600380880653357,0.14316212998316705
ep_118_whisperx_diarized.gender.host_guest,Faye Dsouza,FEMALE->FEMALE,female,female,7.953983333333313,48.02348333333337,55.97746666666668,0.0,69.63345,0.1420925920191692,0.15347304841218998
ep_119_whisperx_diarized.gender.host_guest,Faye Dsouza,FEMALE->MALE,female,male,17.425133333333292,24.64109999999999,42.06623333333329,0.0,53.79428333333333,0.41423089144341374,0.3936504375140229
ep_120_whisperx_diarized.gender.host_guest,Faye Dsouza,FEMALE->MALE,female,male,8.832016666666702,41.477916666666644,50.30993333333335,0.0,61.2021,0.1755521441093813,0.1632996632996633
ep_121_whisperx_diarized.gender.host_guest,,FEMALE->MALE,female,male,12.61228333333334,40.18874999999999,52.80103333333333,0.0,64.916,0.238864327781464,0.25159056886227543
ep_122_whisperx_diarized.gender.host_guest,Faye Dsouza,FEMALE->FEMALE,female,female,12.72141666666664,32.01686666666666,44.7382833333333,0.0,53.65231666666667,0.2843519178391955,0.29085810431856424
ep_123_whisperx_diarized.gender.host_guest,,FEMALE->MALE,female,male,7.949433333333322,30.70385000000003,38.653283333333356,0.0,51.41226666666667,0.20565997627627106,0.23060588901472254
ep_124_whisperx_diarized.gender.host_guest,,FEMALE->FEMALE,female,female,38.83998333333334,10.076533333333357,48.9165166666667,0.0,57.06846666666667,0.794005501209373,0.775399290150843
ep_125_whisperx_diarized.gender.host_guest,,FEMALE->MALE,female,male,7.8110500000000185,35.66256666666666,43.47361666666668,0.0,50.315333333333335,0.17967334210749317,0.17663405958203646
ep_126_whisperx_diarized.gender.host_guest,Karishma Mehta,FEMALE->FEMALE,female,female,14.10358333333337,52.17493333333332,66.27851666666669,0.0,76.8378,0.21279268219390393,0.19894059780552403
ep_127_whisperx_diarized.gender.host_guest,Faye Dsouza,FEMALE->FEMALE,female,female,4.779283333333308,50.48830000000001,55.26758333333332,0.0,66.10763333333334,0.08647534495055074,0.09248400852878465
ep_128_whisperx_diarized.gender.host_guest,Karishma Mehta,FEMALE->MALE,female,male,11.557633333333376,48.2739666666666,59.83159999999998,0.0,71.65388333333334,0.19316938429414188,0.18766588602654177
ep_129_whisperx_diarized.gender.host_guest,,FEMALE->FEMALE,female,female,7.7318833333333545,49.20838333333331,56.940266666666666,0.0,67.83631666666666,0.13578937693770352,0.12746815286624205
ep_130_whisperx_diarized.gender.host_guest,Faye Dsouza,FEMALE->MALE,female,male,11.518983333333313,47.023583333333406,58.542566666666715,0.0,70.23553333333332,0.19676252664015934,0.1887451385030558
ep_131_whisperx_diarized.gender.host_guest,Faye Dsouza,FEMALE->FEMALE,female,female,9.083416666666674,30.996349999999975,40.07976666666665,0.0,46.89435,0.22663347175174867,0.24376464103624088
ep_132_whisperx_diarized.gender.host_guest,Faye Dsouza,FEMALE->MALE,female,male,8.478416666666654,30.492133333333296,38.970549999999946,0.0,51.24621666666667,0.21755958452386906,0.1999225606608157
ep_133_whisperx_diarized.gender.host_guest,Faye Dsouza,FEMALE->FEMALE,female,female,6.9453666666666765,60.86945000000004,67.81481666666672,0.0,78.3549,0.10241665476743167,0.0958225339228541
ep_134_whisperx_diarized.gender.host_guest,Faye Dsouza,FEMALE->MALE,female,male,8.067433333333337,43.350966666666665,51.418400000000005,0.0,64.3836,0.1568977901555345,0.14131098891507377
ep_135_whisperx_diarized.gender.host_guest,Faye Dsouza,FEMALE->MALE,female,male,9.974349999999989,39.49798333333333,49.47233333333332,0.0,60.535383333333336,0.20161470721009034,0.21950162513542795
ep_136_whisperx_diarized.gender.host_guest,Faye Dsouza,FEMALE->MALE,female,male,12.007333333333303,44.99003333333342,56.99736666666672,0.0,75.55053333333333,0.21066470322313063,0.2184959349593496
ep_137_whisperx_diarized.gender.host_guest,Karishma Mehta,FEMALE->FEMALE,female,female,8.63688333333336,51.27243333333328,59.90931666666664,0.0,73.71646666666668,0.14416594636504834,0.13605921748325697
ep_138_whisperx_diarized.gender.host_guest,Faye Dsouza,FEMALE->MALE,female,male,10.25891666666671,43.69981666666677,53.958733333333484,0.0,62.13786666666667,0.19012523150407562,0.18576493989449105
ep_139_whisperx_diarized.gender.host_guest,Faye Dsouza,FEMALE->FEMALE,female,female,7.524216666666681,44.94603333333329,52.47024999999997,0.0,64.34233333333333,0.143399672512837,0.13725490196078433
ep_140_whisperx_diarized.gender.host_guest,,FEMALE->MALE,female,male,12.006849999999993,34.81660000000013,46.82345000000012,0.0,55.31328333333333,0.2564281359019885,0.2350960225721307
ep_141_whisperx_diarized.gender.host_guest,Faye Dsouza,FEMALE->FEMALE,female,female,10.201466666666677,29.860400000000027,40.0618666666667,0.0,48.285999999999994,0.25464281910644876,0.26830808080808083
ep_142_whisperx_diarized.gender.host_guest,Faye Dsouza,FEMALE->MALE,female,male,17.873916666666727,49.36808333333315,67.24199999999988,0.0,78.09570000000001,0.265814768547437,0.26770293609671847
ep_143_whisperx_diarized.gender.host_guest,Faye Dsouza,FEMALE->MALE,female,male,10.883833333333362,43.38206666666672,54.26590000000008,0.0,67.5903,0.20056487284525543,0.22140896614821592
ep_144_whisperx_diarized.gender.host_guest,Faye Dsouza,FEMALE->FEMALE,female,female,13.21515,44.361450000000104,57.576600000000106,0.0,68.29555,0.22952293119079584,0.2372988040643827
ep_145_whisperx_diarized.gender.host_guest,Faye Dsouza,FEMALE->FEMALE,female,female,11.193316666666703,41.73901666666659,52.9323333333333,0.0,63.4227,0.21146463724125855,0.2281643609333058
ep_146_whisperx_diarized.gender.host_guest,Faye Dsouza,FEMALE->FEMALE,female,female,6.849733333333347,41.10223333333328,47.95196666666663,0.0,57.93638333333333,0.14284572269889562,0.15750421585160201
ep_147_whisperx_diarized.gender.host_guest,Faye Dsouza,FEMALE->FEMALE,female,female,7.640399999999965,31.58331666666675,39.22371666666672,0.0,45.83576666666667,0.19479031181389717,0.19408311269713366
ep_148_whisperx_diarized.gender.host_guest,,FEMALE->FEMALE,female,female,9.106700000000005,36.52933333333333,45.63603333333333,0.0,53.485533333333336,0.19955064747812598,0.19270367054610563
ep_149_whisperx_diarized.gender.host_guest,Faye Dsouza,FEMALE->FEMALE,female,female,13.023766666666688,38.75875000000005,51.78251666666674,0.0,59.04725,0.25150895524261574,0.253478216715751
ep_150_whisperx_diarized.gender.host_guest,Faye Dsouza,FEMALE->MALE,female,male,10.439083333333324,28.713233333333395,39.15231666666672,0.0,46.41031666666667,0.26662747500254286,0.2474306269270298
ep_151_whisperx_diarized.gender.host_guest,Faye Dsouza,FEMALE->MALE,female,male,4.594983333333316,40.69388333333333,45.28886666666665,0.0,55.751083333333334,0.10145944625095463,0.10784061696658098
ep_152_whisperx_diarized.gender.host_guest,Faye Dsouza,FEMALE->MALE,female,male,6.325450000000001,36.82091666666661,43.146366666666616,0.0,54.0984,0.14660446495687954,0.1517160686427457
ep_153_whisperx_diarized.gender.host_guest,Faye Dsouza,FEMALE->MALE,female,male,7.321150000000027,28.084816666666686,35.405966666666714,0.0,43.047533333333334,0.20677729459912172,0.1895551257253385
ep_154_whisperx_diarized.gender.host_guest,Raj Shamani,MALE->MALE,male,male,9.904600000000157,88.21173333333334,98.1163333333335,0.0,118.56745,0.10094751468495024,0.09869551088621697
ep_155_whisperx_diarized.gender.host_guest,Raj Shamani,MALE->MALE,male,male,12.236799999999986,69.02538333333354,81.26218333333352,0.0,98.08263333333333,0.15058418932463613,0.1488870471228984
ep_156_whisperx_diarized.gender.host_guest,Raj Shamani,MALE->MALE,male,male,15.963349999999926,43.616733333333336,59.58008333333326,0.0,73.01209999999999,0.2679309780533474,0.30683752127340075
ep_157_whisperx_diarized.gender.host_guest,Karishma Mehta,FEMALE->MALE,female,male,8.920433333333282,74.43616666666642,83.3565999999997,0.0,97.79379999999999,0.10701532132228658,0.09439164613399038
ep_158_whisperx_diarized.gender.host_guest,Raj Shamani,MALE->MALE,male,male,9.761300000000043,81.20198333333332,90.96328333333337,0.0,109.51938333333332,0.10731033052346989,0.11523380347632703
ep_159_whisperx_diarized.gender.host_guest,Raj Shamani,MALE->MALE,male,male,7.936583333333315,58.09416666666684,66.03075000000015,0.0,87.04625,0.12019526256075082,0.12075056920781974
ep_160_whisperx_diarized.gender.host_guest,Raj Shamani,MALE->MALE,male,male,9.857300000000041,39.13174999999998,48.98905000000002,0.0,59.62765,0.201214353003376,0.23282442748091603
ep_161_whisperx_diarized.gender.host_guest,Raj Shamani,MALE->MALE,male,male,22.41875000000019,89.59828333333355,112.01703333333374,0.0,141.2554166666667,0.20013697321627671,0.18883901716718338
ep_162_whisperx_diarized.gender.host_guest,Karishma Mehta,FEMALE->MALE,female,male,11.719900000000022,49.50561666666673,61.225516666666756,0.0,72.79518333333334,0.19142182276398384,0.1764388211695726
ep_163_whisperx_diarized.gender.host_guest,Raj Shamani,MALE->FEMALE,male,female,21.83529999999997,86.20951666666699,108.04481666666696,0.0,139.80375,0.2020948405823563,0.22328064482361562
ep_164_whisperx_diarized.gender.host_guest,Raj Shamani,MALE->FEMALE,male,female,21.863416666666645,50.89261666666658,72.75603333333322,0.0,90.29778333333334,0.30050314269469536,0.3126201153106983
ep_165_whisperx_diarized.gender.host_guest,Raj Shamani,MALE->MALE,male,male,20.298883333333173,78.15046666666653,98.4493499999997,0.0,128.18886666666668,0.20618605743291585,0.20929829627490615
ep_166_whisperx_diarized.gender.host_guest,Raj Shamani,MALE->MALE,male,male,9.636316666666604,59.60296666666688,69.23928333333349,0.0,84.62615000000001,0.13917412490067535,0.13426227373355906
ep_167_whisperx_diarized.gender.host_guest,Raj Shamani,MALE->MALE,male,male,15.31246666666663,106.43869999999973,121.75116666666636,0.0,146.37251666666668,0.12576854157455028,0.12039101354827646
ep_168_whisperx_diarized.gender.host_guest,Raj Shamani,MALE->MALE,male,male,11.139600000000005,32.064350000000005,43.203950000000006,0.0,63.24495,0.2578375356882878,0.28366322832450513
ep_169_whisperx_diarized.gender.host_guest,Raj Shamani,MALE->MALE,male,male,23.73018333333347,105.69090000000011,129.42108333333357,0.0,155.75475,0.18335639543531426,0.18712345370931519
ep_170_whisperx_diarized.gender.host_guest,Raj Shamani,MALE->MALE,male,male,11.567000000000041,36.12256666666667,47.689566666666714,0.0,59.199200000000005,0.24254781094676955,0.2693705975914565
ep_171_whisperx_diarized.gender.host_guest,Raj Shamani,MALE->MALE,male,male,13.305066666666725,49.17391666666671,62.47898333333344,0.0,76.19175,0.2129526755530332,0.23184790089470061
ep_172_whisperx_diarized.gender.host_guest,Raj Shamani,MALE->MALE,male,male,11.741833333333366,63.09806666666658,74.83989999999994,0.0,97.74443333333333,0.15689269137630293,0.1894660429101468
ep_173_whisperx_diarized.gender.host_guest,Raj Shamani,MALE->MALE,male,male,10.01891666666666,52.78241666666653,62.80133333333319,0.0,76.33065,0.15953350247340847,0.16972696790675396
ep_174_whisperx_diarized.gender.host_guest,Raj Shamani,MALE->MALE,male,male,18.898083333333304,33.11558333333332,52.01366666666662,0.0,66.1064,0.36332918912337114,0.3958673191952148
ep_175_whisperx_diarized.gender.host_guest,Raj Shamani,MALE->MALE,male,male,9.17175000000001,45.8500833333334,55.02183333333341,0.0,66.35011666666666,0.1666929188715994,0.15845133536476072
ep_176_whisperx_diarized.gender.host_guest,Raj Shamani,MALE->MALE,male,male,6.556350000000022,34.99351666666669,41.549866666666716,0.0,53.135866666666665,0.1577947301876624,0.17157275021026072
ep_177_whisperx_diarized.gender.host_guest,Raj Shamani,MALE->MALE,male,male,14.113883333333368,51.11370000000012,65.22758333333348,0.0,81.01405,0.2163790625387266,0.25331455087835597
ep_178_whisperx_diarized.gender.host_guest,Raj Shamani,MALE->MALE,male,male,6.724949999999973,74.00610000000013,80.73105000000011,0.0,95.78628333333333,0.08330066312775523,0.0855182719739166
ep_179_whisperx_diarized.gender.host_guest,Raj Shamani,MALE->FEMALE,male,female,13.335699999999983,60.865766666666694,74.20146666666668,0.0,92.7967,0.1797228626208644,0.21652012174501184
ep_180_whisperx_diarized.gender.host_guest,Raj Shamani,MALE->MALE,male,male,19.85706666666671,59.37084999999983,79.22791666666654,0.0,95.47266666666665,0.25063219509116724,0.25403025793650796
ep_181_whisperx_diarized.gender.host_guest,Raj Shamani,MALE->MALE,male,male,10.804366666666652,57.771899999999924,68.57626666666658,0.0,82.39020000000001,0.15755256434684883,0.15212604926379525
ep_182_whisperx_diarized.gender.host_guest,Raj Shamani,MALE->MALE,male,male,8.435066666666645,39.94291666666662,48.37798333333326,0.0,58.4751,0.17435755038707326,0.17690220122625389
ep_183_whisperx_diarized.gender.host_guest,Raj Shamani,MALE->MALE,male,male,10.963166666666675,28.607866666666762,39.57103333333344,0.0,51.174549999999996,0.2770503002617229,0.28161559888579385
ep_184_whisperx_diarized.gender.host_guest,Raj Shamani,MALE->MALE,male,male,8.392549999999998,37.478800000000014,45.871350000000014,0.0,57.62113333333333,0.18295842612000726,0.1954645019971653
ep_185_whisperx_diarized.gender.host_guest,Raj Shamani,MALE->FEMALE,male,female,19.261133333333287,38.71978333333337,57.98091666666666,0.0,72.31931666666667,0.33219780646218294,0.3237753882915173
ep_186_whisperx_diarized.gender.host_guest,Raj Shamani,MALE->FEMALE,male,female,16.607116666666766,71.56414999999994,88.17126666666671,0.0,104.96483333333335,0.18835066450219334,0.1946051167964405
ep_187_whisperx_diarized.gender.host_guest,Raj Shamani,MALE->MALE,male,male,11.484266666666676,24.01673333333339,35.50100000000007,0.0,44.737383333333334,0.3234913570509747,0.3297958087049973
ep_188_whisperx_diarized.gender.host_guest,Raj Shamani,MALE->MALE,male,male,12.622700000000021,41.17553333333332,53.79823333333334,0.0,68.0111,0.23463038129504907,0.2147549715909091
ep_189_whisperx_diarized.gender.host_guest,Raj Shamani,MALE->MALE,male,male,11.337516666666666,33.98319999999999,45.320716666666655,0.0,59.75398333333333,0.25016190167631214,0.24392148115101495
ep_190_whisperx_diarized.gender.host_guest,Raj Shamani,MALE->MALE,male,male,10.919583333333328,40.29060000000002,51.21018333333335,0.0,65.94343333333333,0.2132307018363208,0.21276183087664857
ep_191_whisperx_diarized.gender.host_guest,Raj Shamani,MALE->MALE,male,male,11.238649999999982,45.94046666666671,57.17911666666669,0.0,71.6308,0.196551654785386,0.19553596548813654
ep_192_whisperx_diarized.gender.host_guest,Raj Shamani,MALE->MALE,male,male,15.263216666666683,82.47953333333339,97.74275000000007,0.0,117.39296666666668,0.15615702102372475,0.16174331431129013
ep_193_whisperx_diarized.gender.host_guest,Raj Shamani,MALE->MALE,male,male,15.263400000000006,20.005016666666677,35.26841666666668,0.0,44.52945,0.4327781466420617,0.4610110030298198
ep_194_whisperx_diarized.gender.host_guest,Raj Shamani,MALE->MALE,male,male,15.902766666666643,44.69696666666654,60.599733333333184,0.0,72.41756666666667,0.2624230469661035,0.23858192270839987
ep_195_whisperx_diarized.gender.host_guest,Raj Shamani,MALE->MALE,male,male,9.104966666666671,49.05251666666664,58.15748333333331,0.0,74.792,0.15655709540388768,0.16301979729089702
ep_196_whisperx_diarized.gender.host_guest,Raj Shamani,MALE->MALE,male,male,16.555516666666602,52.17149999999991,68.72701666666651,0.0,90.0794,0.24088804475484005,0.23374455732946298
ep_197_whisperx_diarized.gender.host_guest,Raj Shamani,MALE->FEMALE,male,female,13.884600000000031,39.29073333333337,53.1753333333334,0.0,65.72008333333333,0.26110978774619836,0.27058703628210357
ep_198_whisperx_diarized.gender.host_guest,Raj Shamani,MALE->FEMALE,male,female,8.495349999999961,48.461050000000014,56.956399999999974,0.0,71.3375,0.14915531880526095,0.16644823066841416
ep_199_whisperx_diarized.gender.host_guest,Raj Shamani,MALE->FEMALE,male,female,24.882899999999896,35.681149999999846,60.56404999999974,0.0,72.35375,0.4108526427806595,0.36507030190564554
ep_200_whisperx_diarized.gender.host_guest,Raj Shamani,MALE->MALE,male,male,21.832633333333373,45.75206666666658,67.58469999999996,0.0,85.06201666666666,0.32304106304138935,0.30223093156466685
ep_201_whisperx_diarized.gender.host_guest,Raj Shamani,MALE->MALE,male,male,13.027216666666703,56.48608333333332,69.51330000000002,0.0,85.99411666666667,0.18740610310065411,0.20164233576642335
ep_202_whisperx_diarized.gender.host_guest,Raj Shamani,MALE->MALE,male,male,23.31523333333332,1.1806000000000014,24.495833333333323,0.0,32.90408333333333,0.9518040483075352,0.9542260590242924
ep_203_whisperx_diarized.gender.host_guest,Raj Shamani,MALE->FEMALE,male,female,24.193633333333306,67.87158333333338,92.06521666666669,0.0,113.89506666666666,0.26278799104909834,0.27889105633386535
ep_204_whisperx_diarized.gender.host_guest,Raj Shamani,MALE->FEMALE,male,female,19.869150000000094,67.07689999999992,86.94605000000001,0.0,104.25128333333333,0.22852274485154978,0.22624384304610107
ep_205_whisperx_diarized.gender.host_guest,Raj Shamani,MALE->FEMALE,male,female,21.715650000000075,54.28208333333327,75.99773333333334,0.0,93.23183333333333,0.28574075893491657,0.30322159338267307
ep_206_whisperx_diarized.gender.host_guest,Raj Shamani,MALE->MALE,male,male,7.9972833333333675,52.32390000000001,60.32118333333338,0.0,75.21023333333332,0.1325783562490904,0.12923102201774564
ep_207_whisperx_diarized.gender.host_guest,Raj Shamani,MALE->FEMALE,male,female,23.01428333333341,69.04899999999978,92.06328333333319,0.0,116.35053333333333,0.24998329953110274,0.28425283156740955
ep_208_whisperx_diarized.gender.host_guest,Raj Shamani,MALE->MALE,male,male,18.34516666666655,67.02556666666646,85.37073333333302,0.0,101.45366666666668,0.2148882403883917,0.20022026431718062
ep_209_whisperx_diarized.gender.host_guest,Raj Shamani,MALE->MALE,male,male,14.383983333333276,47.55264999999992,61.9366333333332,0.0,81.04313333333333,0.23223708747488656,0.22357618183389508
ep_210_whisperx_diarized.gender.host_guest,Raj Shamani,MALE->FEMALE,male,female,19.521900000000066,41.54768333333323,61.0695833333333,0.0,72.68143333333335,0.3196665006447576,0.3338679723113287
ep_211_whisperx_diarized.gender.host_guest,Raj Shamani,MALE->FEMALE,male,female,10.137466666666677,40.84478333333331,50.982249999999986,0.0,64.94028333333333,0.19884306139228222,0.19538404036628668
ep_212_whisperx_diarized.gender.host_guest,Raj Shamani,MALE->MALE,male,male,9.191683333333346,38.67315000000006,47.8648333333334,0.0,57.47865,0.192034165653977,0.1869022057388249
ep_213_whisperx_diarized.gender.host_guest,Raj Shamani,MALE->MALE,male,male,19.392833333333353,45.36931666666662,64.76214999999998,0.0,77.68088333333334,0.29944702782927,0.3131883850665141
ep_214_whisperx_diarized.gender.host_guest,Raj Shamani,MALE->MALE,male,male,7.8293666666666635,33.19685000000003,41.0262166666667,0.0,50.762433333333334,0.19083813480242082,0.18642611683848798
ep_215_whisperx_diarized.gender.host_guest,Raj Shamani,MALE->MALE,male,male,21.82986666666666,49.95508333333339,71.78495000000005,0.0,88.02275,0.30410088279878505,0.3111537326645028
ep_216_whisperx_diarized.gender.host_guest,Raj Shamani,MALE->MALE,male,male,13.31145,65.66200000000002,78.97345000000001,0.0,95.81541666666666,0.1685560147112732,0.1772377377695782
ep_217_whisperx_diarized.gender.host_guest,Raj Shamani,MALE->MALE,male,male,10.64733333333332,41.9380666666666,52.58539999999992,0.0,68.38745,0.20247698664141256,0.2264559428447716
ep_218_whisperx_diarized.gender.host_guest,Raj Shamani,MALE->MALE,male,male,11.114883333333323,36.08980000000005,47.20468333333337,0.0,56.45448333333333,0.23546145315383565,0.23645268862025845
ep_219_whisperx_diarized.gender.host_guest,Raj Shamani,MALE->MALE,male,male,8.807550000000017,36.42781666666666,45.23536666666668,0.0,55.77583333333334,0.19470495430934973,0.20855614973262032
ep_220_whisperx_diarized.gender.host_guest,Raj Shamani,MALE->FEMALE,male,female,11.591666666666715,33.557849999999995,45.14951666666671,0.0,55.34746666666667,0.25673955166002227,0.2450186799501868
ep_221_whisperx_diarized.gender.host_guest,Raj Shamani,MALE->MALE,male,male,17.715599999999935,55.53078333333324,73.24638333333317,0.0,89.95270000000001,0.24186313635963333,0.24989017425684582
ep_222_whisperx_diarized.gender.host_guest,Raj Shamani,MALE->MALE,male,male,39.768433333333334,50.68880000000029,90.45723333333362,0.0,112.97101666666667,0.43963795782684645,0.45129832660126945
ep_223_whisperx_diarized.gender.host_guest,Raj Shamani,MALE->FEMALE,male,female,15.52521666666666,32.284233333333354,47.80945000000001,0.0,58.58413333333333,0.32473112881797755,0.33804824561403507
ep_224_whisperx_diarized.gender.host_guest,Raj Shamani,MALE->MALE,male,male,16.98420000000005,46.5630333333334,63.54723333333345,0.0,78.12756666666668,0.26726891335945946,0.27645323339446615
ep_225_whisperx_diarized.gender.host_guest,Raj Shamani,MALE->MALE,male,male,12.676833333333324,48.91173333333333,61.58856666666665,0.0,82.59983333333334,0.2058309523899727,0.21729510463722687
ep_226_whisperx_diarized.gender.host_guest,Raj Shamani,MALE->MALE,male,male,8.285183333333338,44.27289999999998,52.558083333333315,0.0,68.32141666666666,0.15763861251916544,0.1686012197521149
ep_227_whisperx_diarized.gender.host_guest,Raj Shamani,MALE->MALE,male,male,13.226266666666671,66.85508333333334,80.08135000000001,0.0,99.23960000000001,0.1651603858659559,0.15348986812479898
ep_228_whisperx_diarized.gender.host_guest,Karishma Mehta,FEMALE->FEMALE,female,female,5.997450000000018,27.467966666666634,33.465416666666655,0.0,39.788516666666666,0.17921336703313182,0.18344763092269326
ep_229_whisperx_diarized.gender.host_guest,Raj Shamani,MALE->FEMALE,male,female,11.663650000000029,38.52991666666671,50.19356666666674,0.0,59.894666666666666,0.23237340509109092,0.2211901306240929
ep_230_whisperx_diarized.gender.host_guest,Raj Shamani,MALE->MALE,male,male,11.763699999999973,38.47264999999989,50.23634999999986,0.0,63.39403333333333,0.23416709215538165,0.22531305903398927
ep_231_whisperx_diarized.gender.host_guest,Raj Shamani,MALE->FEMALE,male,female,13.540783333333316,49.79306666666669,63.333850000000005,0.0,81.3302,0.2138000979465691,0.22385766275778407
ep_232_whisperx_diarized.gender.host_guest,Raj Shamani,MALE->MALE,male,male,5.900216666666657,42.36951666666665,48.269733333333306,0.0,61.70935,0.1222342917438946,0.12748762501262753
ep_233_whisperx_diarized.gender.host_guest,Raj Shamani,MALE->MALE,male,male,8.795616666666715,71.7773666666668,80.57298333333351,0.0,110.78626666666668,0.109163348591412,0.12715252152521525
ep_234_whisperx_diarized.gender.host_guest,Raj Shamani,MALE->MALE,male,male,8.708633333333319,68.85171666666648,77.5603499999998,0.0,97.30996666666667,0.11228202726436048,0.11261478975350411
ep_235_whisperx_diarized.gender.host_guest,Raj Shamani,MALE->MALE,male,male,15.75096666666674,59.69359999999992,75.44456666666666,0.0,92.20358333333334,0.2087753613359399,0.2081326544653915
ep_236_whisperx_diarized.gender.host_guest,Raj Shamani,MALE->MALE,male,male,11.272316666666718,55.160849999999805,66.43316666666652,0.0,80.87719999999999,0.16967905087569327,0.16738849631486968
ep_237_whisperx_diarized.gender.host_guest,Raj Shamani,MALE->MALE,male,male,19.460833333333376,75.52031666666663,94.98115000000001,0.0,115.60643333333334,0.20489153198643492,0.2038010298879864
ep_238_whisperx_diarized.gender.host_guest,Raj Shamani,MALE->MALE,male,male,17.715383333333346,56.125383333333566,73.84076666666691,0.0,92.92083333333333,0.23991331798198134,0.235087960417812
ep_239_whisperx_diarized.gender.host_guest,Raj Shamani,MALE->MALE,male,male,7.135099999999994,51.735016666666645,58.87011666666664,0.0,75.62326666666667,0.12120071105685477,0.14153109092723826
ep_240_whisperx_diarized.gender.host_guest,Raj Shamani,MALE->MALE,male,male,16.526766666666642,15.056199999999983,31.582966666666625,0.0,38.06766666666667,0.5232810090671236,0.5295256534365924
ep_241_whisperx_diarized.gender.host_guest,Raj Shamani,MALE->MALE,male,male,9.797516666666645,30.534499999999973,40.33201666666662,0.0,49.502233333333336,0.24292156644783008,0.22696600051907603
ep_242_whisperx_diarized.gender.host_guest,Raj Shamani,MALE->MALE,male,male,14.558066666666583,57.24725000000015,71.80531666666673,0.0,84.19398333333334,0.20274357585870365,0.19943947886683835
ep_243_whisperx_diarized.gender.host_guest,Raj Shamani,MALE->MALE,male,male,14.665400000000078,59.43816666666688,74.10356666666696,0.0,92.85755,0.19790410448080123,0.18387571127165783
ep_244_whisperx_diarized.gender.host_guest,Raj Shamani,MALE->MALE,male,male,14.776183333333393,67.69076666666693,82.46695000000032,0.0,108.14356666666666,0.17917703193016518,0.1817481709664998
ep_245_whisperx_diarized.gender.host_guest,Raj Shamani,MALE->MALE,male,male,6.618366666666725,33.457949999999975,40.0763166666667,0.0,50.7605,0.16514408551351534,0.17099421498721915
ep_246_whisperx_diarized.gender.host_guest,Raj Shamani,MALE->FEMALE,male,female,26.607950000000166,48.42455000000026,75.03250000000043,0.0,96.443,0.3546189984340121,0.3856795937890941
ep_247_whisperx_diarized.gender.host_guest,Raj Shamani,MALE->MALE,male,male,18.27878333333333,54.74631666666666,73.02509999999998,0.0,92.51966666666667,0.25030822735379116,0.27890541539978636
ep_248_whisperx_diarized.gender.host_guest,Raj Shamani,MALE->MALE,male,male,12.906750000000056,41.00080000000004,53.9075500000001,0.0,65.74381666666666,0.23942379128712085,0.24792511098243583
ep_249_whisperx_diarized.gender.host_guest,Raj Shamani,MALE->MALE,male,male,10.899283333333404,56.1120000000002,67.01128333333361,0.0,78.08226666666665,0.16264847934813007,0.15501347326620338
ep_250_whisperx_diarized.gender.host_guest,Raj Shamani,MALE->MALE,male,male,18.28706666666664,33.37633333333332,51.66339999999996,0.0,69.27188333333334,0.3539656055673195,0.40708393983503155
ep_251_whisperx_diarized.gender.host_guest,Raj Shamani,MALE->MALE,male,male,17.68683333333323,49.77738333333306,67.46421666666629,0.0,84.77258333333333,0.26216614091470214,0.2536984352773827
ep_252_whisperx_diarized.gender.host_guest,Raj Shamani,MALE->MALE,male,male,3.5047833333333682,43.70508333333335,47.20986666666672,0.0,58.56248333333333,0.07423836542643694,0.07379159119077128
ep_253_whisperx_diarized.gender.host_guest,Raj Shamani,MALE->MALE,male,male,16.743433333333474,61.51124999999995,78.25468333333342,0.0,93.07826666666666,0.2139607831778348,0.19525109170305677
ep_254_whisperx_diarized.gender.host_guest,Raj Shamani,MALE->MALE,male,male,10.177133333333334,34.9004000000001,45.077533333333434,0.0,58.5728,0.22576952598707659,0.2137067938021454
ep_255_whisperx_diarized.gender.host_guest,Raj Shamani,MALE->FEMALE,male,female,13.732583333333396,33.661949999999955,47.39453333333335,0.0,58.1594,0.28975036502100227,0.2817243472981178
ep_256_whisperx_diarized.gender.host_guest,Raj Shamani,MALE->FEMALE,male,female,12.161366666666632,41.94095,54.10231666666663,0.0,65.0819,0.22478458254560216,0.2167802385008518
ep_257_whisperx_diarized.gender.host_guest,Raj Shamani,MALE->MALE,male,male,13.953849999999985,61.51823333333327,75.47208333333326,0.0,99.46151666666667,0.18488756880303422,0.18156365927066564
ep_258_whisperx_diarized.gender.host_guest,Raj Shamani,MALE->FEMALE,male,female,16.97046666666664,54.227683333333495,71.19815000000014,0.0,85.34033333333333,0.2383554441606503,0.2530397390272835
ep_259_whisperx_diarized.gender.host_guest,Raj Shamani,MALE->MALE,male,male,16.08329999999994,33.31528333333338,49.39858333333332,0.0,63.485283333333335,0.3255822113657094,0.3301109188969167
ep_260_whisperx_diarized.gender.host_guest,Raj Shamani,MALE->MALE,male,male,10.552149999999962,41.39248333333325,51.944633333333215,0.0,64.29013333333333,0.20314225595329358,0.2171201814058957
ep_261_whisperx_diarized.gender.host_guest,Raj Shamani,MALE->MALE,male,male,10.941033333333346,26.03954999999997,36.980583333333314,0.0,47.48251666666667,0.29585886287173274,0.3118016225317618
ep_262_whisperx_diarized.gender.host_guest,Raj Shamani,MALE->MALE,male,male,19.738233333333415,44.49745000000001,64.23568333333343,0.0,81.5573,0.3072783273886459,0.30778198775867094
ep_263_whisperx_diarized.gender.host_guest,Raj Shamani,MALE->FEMALE,male,female,5.90143333333339,60.30676666666691,66.2082000000003,0.0,81.35746666666667,0.08913447780385758,0.08842780468647729
ep_264_whisperx_diarized.gender.host_guest,Karishma Mehta,FEMALE->MALE,female,male,5.851500000000027,67.48863333333354,73.34013333333357,0.0,95.35403333333333,0.07978578350007556,0.08069609621716052
ep_265_whisperx_diarized.gender.host_guest,Raj Shamani,MALE->MALE,male,male,11.12645000000006,45.022600000000025,56.14905000000009,0.0,77.12453333333333,0.19815918524000037,0.18909433316212979
ep_266_whisperx_diarized.gender.host_guest,Raj Shamani,MALE->MALE,male,male,10.742683333333352,24.56935000000002,35.312033333333375,0.0,45.58893333333333,0.30422160151261013,0.3175252112292178
ep_267_whisperx_diarized.gender.host_guest,Raj Shamani,MALE->MALE,male,male,28.286499999999986,47.34558333333323,75.63208333333321,0.0,94.86370000000001,0.37400133320846024,0.3768621019543529
ep_268_whisperx_diarized.gender.host_guest,Karishma Mehta,FEMALE->FEMALE,female,female,3.7727833333333565,23.898949999999974,27.671733333333332,0.0,34.45066666666666,0.13634069423430975,0.13903842583998516
ep_269_whisperx_diarized.gender.host_guest,Raj Shamani,MALE->MALE,male,male,11.700099999999985,47.02365000000005,58.72375000000004,0.0,67.83586666666666,0.19923966027373893,0.18788096091789172
ep_270_whisperx_diarized.gender.host_guest,Raj Shamani,MALE->FEMALE,male,female,15.98191666666671,41.79401666666659,57.7759333333333,0.0,69.17538333333333,0.27661892668112187,0.263107872643751
ep_271_whisperx_diarized.gender.host_guest,Raj Shamani,MALE->MALE,male,male,11.950650000000085,78.0629166666665,90.01356666666658,0.0,118.90933333333334,0.1327649869075302,0.119580078125
ep_272_whisperx_diarized.gender.host_guest,Raj Shamani,MALE->MALE,male,male,12.881349999999998,44.19408333333338,57.07543333333338,0.0,70.28095,0.2256899202984586,0.22946378774599632
ep_273_whisperx_diarized.gender.host_guest,Raj Shamani,MALE->MALE,male,male,18.05959999999997,29.377033333333312,47.43663333333328,0.0,59.483333333333334,0.38070998574238313,0.354436186806129
ep_274_whisperx_diarized.gender.host_guest,Raj Shamani,MALE->FEMALE,male,female,14.761549999999982,21.71861666666663,36.48016666666661,0.0,45.08821666666667,0.40464590348180074,0.4299444970894815
ep_275_whisperx_diarized.gender.host_guest,,MALE->MALE,male,male,14.746000000000006,146.08330000000004,160.82930000000005,0.0,197.16145,0.09168727340105318,0.11419651659546501
ep_276_whisperx_diarized.gender.host_guest,Raj Shamani,MALE->MALE,male,male,29.447583333333174,62.643383333333595,92.09096666666677,0.0,118.83101666666667,0.3197662528608467,0.29101317075440963
ep_277_whisperx_diarized.gender.host_guest,Raj Shamani,MALE->MALE,male,male,16.449583333333347,34.97421666666662,51.42379999999997,0.0,65.04535,0.31988268726413366,0.35219741001325583
ep_278_whisperx_diarized.gender.host_guest,Raj Shamani,MALE->MALE,male,male,19.520483333333306,80.84543333333336,100.36591666666666,0.0,122.3206,0.19449315048020094,0.18928071522102316
ep_279_whisperx_diarized.gender.host_guest,Raj Shamani,MALE->MALE,male,male,9.677166666666665,5.554466666666655,15.23163333333332,0.0,19.942,0.6353334836053918,0.6126760563380281
ep_280_whisperx_diarized.gender.host_guest,Raj Shamani,MALE->MALE,male,male,11.37591666666669,43.446066666666745,54.821983333333435,0.0,76.08688333333333,0.20750647778461137,0.2217573221757322
ep_281_whisperx_diarized.gender.host_guest,Raj Shamani,MALE->MALE,male,male,9.051416666666693,51.97738333333344,61.02880000000013,0.0,76.45368333333333,0.14831385619030152,0.164564173516725
ep_282_whisperx_diarized.gender.host_guest,Raj Shamani,MALE->FEMALE,male,female,14.796249999999988,34.47865000000002,49.27490000000001,0.0,65.7195,0.3002796555650034,0.285175761002733
ep_283_whisperx_diarized.gender.host_guest,Raj Shamani,MALE->MALE,male,male,8.960133333333319,48.9023666666667,57.86250000000002,0.0,67.62106666666666,0.15485216389428932,0.1352673890248165
ep_284_whisperx_diarized.gender.host_guest,Raj Shamani,MALE->MALE,male,male,10.88760000000001,46.86288333333341,57.75048333333342,0.0,72.71135,0.1885282922596029,0.1820919820919821
ep_285_whisperx_diarized.gender.host_guest,Raj Shamani,MALE->MALE,male,male,14.835566666666644,36.64251666666655,51.478083333333196,0.0,60.90063333333333,0.2881919004365939,0.2719305430420182
ep_286_whisperx_diarized.gender.host_guest,Raj Shamani,MALE->MALE,male,male,25.28305000000011,39.83981666666655,65.12286666666665,0.0,78.08846666666666,0.3882361341587151,0.38968058968058966
ep_287_whisperx_diarized.gender.host_guest,Raj Shamani,MALE->MALE,male,male,13.225516666666646,49.98798333333348,63.213500000000124,0.0,80.06916666666666,0.20921981327828107,0.20035247937194584
ep_288_whisperx_diarized.gender.host_guest,Ranveer A,MALE->MALE,male,male,20.702333333333332,15.98033333333329,36.68266666666662,0.0,44.532583333333335,0.5643628234952027,0.5836236933797909
ep_289_whisperx_diarized.gender.host_guest,Raj Shamani,MALE->FEMALE,male,female,21.24404999999994,31.3826666666667,52.62671666666664,0.0,65.24128333333333,0.4036742427721272,0.40149805974190056
ep_290_whisperx_diarized.gender.host_guest,Raj Shamani,MALE->MALE,male,male,20.294199999999986,23.730199999999954,44.02439999999994,0.0,55.0891,0.46097618593325546,0.43231695474849485
ep_291_whisperx_diarized.gender.host_guest,,MALE->MALE,male,male,7.706049999999984,25.809366666666627,33.51541666666661,0.0,45.01311666666666,0.22992553178263728,0.23068197929958884
ep_292_whisperx_diarized.gender.host_guest,Raj Shamani,MALE->FEMALE,male,female,19.592833333333388,17.68161666666666,37.274450000000044,0.0,47.761516666666665,0.5256370874240496,0.5092991747752186
ep_293_whisperx_diarized.gender.host_guest,,MALE->MALE,male,male,10.921783333333305,35.98466666666664,46.90644999999995,0.0,55.59535,0.23284182310392956,0.23192948090107737
ep_294_whisperx_diarized.gender.host_guest,Raj Shamani,MALE->MALE,male,male,27.018966666666834,51.39349999999992,78.41246666666675,0.0,92.28098333333334,0.34457488477597703,0.3323337131889882
ep_295_whisperx_diarized.gender.host_guest,,MALE->MALE,male,male,7.360883333333324,20.42848333333332,27.78936666666664,0.0,34.529183333333336,0.2648812915251756,0.24792703150912107
ep_296_whisperx_diarized.gender.host_guest,Ranveer A,MALE->MALE,male,male,19.677666666666628,13.043733333333305,32.72139999999993,0.0,40.75423333333333,0.6013699495335367,0.6052464026486692
ep_297_whisperx_diarized.gender.host_guest,Raj Shamani,MALE->MALE,male,male,11.1165,32.121916666666735,43.23841666666674,0.0,52.99868333333333,0.25709775835917476,0.2578872155655711
ep_298_whisperx_diarized.gender.host_guest,,MALE->MALE,male,male,6.574499999999944,35.318250000000006,41.89274999999995,0.0,50.624249999999996,0.15693646275310053,0.1550883607556368
ep_299_whisperx_diarized.gender.host_guest,Karishma Mehta,FEMALE->MALE,female,male,14.307749999999993,67.6635333333335,81.9712833333335,0.0,97.58505,0.1745458826332876,0.17177204947404925
ep_300_whisperx_diarized.gender.host_guest,Karishma Mehta,FEMALE->FEMALE,female,female,6.8499333333333565,28.870449999999966,35.720383333333324,0.0,45.55388333333334,0.1917653925886394,0.19121212121212122
ep_301_whisperx_diarized.gender.host_guest,Karishma Mehta,FEMALE->MALE,female,male,2.8364000000000145,49.364566666666676,52.20096666666669,0.0,66.31858333333334,0.054336158525800225,0.051765611469258156
ep_302_whisperx_diarized.gender.host_guest,Karishma Mehta,FEMALE->FEMALE,female,female,7.1961333333333295,40.049033333333306,47.245166666666634,0.0,56.02151666666667,0.15231469885808427,0.14801249596035765
ep_303_whisperx_diarized.gender.host_guest,Karishma Mehta,FEMALE->FEMALE,female,female,6.557633333333327,20.326916666666694,26.884550000000022,0.0,31.737466666666666,0.24391828516130348,0.24863685932388221
ep_304_whisperx_diarized.gender.host_guest,Karishma Mehta,FEMALE->MALE,female,male,5.306816666666659,18.912683333333344,24.219500000000004,0.0,30.336583333333333,0.2191133865961997,0.22269662921348315
ep_305_whisperx_diarized.gender.host_guest,Karishma Mehta,FEMALE->MALE,female,male,5.6863666666666965,35.51833333333334,41.20470000000003,0.0,52.81625,0.1380028653689189,0.12983701075507262
ep_306_whisperx_diarized.gender.host_guest,Karishma Mehta,FEMALE->MALE,female,male,6.953216666666678,28.275183333333324,35.2284,0.0,42.95633333333333,0.1973753183984137,0.18768125949454495
ep_307_whisperx_diarized.gender.host_guest,Karishma Mehta,FEMALE->MALE,female,male,7.6961166666667,23.398233333333376,31.094350000000077,0.0,40.583200000000005,0.24750852378862015,0.2545522110739502
ep_308_whisperx_diarized.gender.host_guest,Karishma Mehta,FEMALE->FEMALE,female,female,4.438249999999993,38.64525000000006,43.08350000000006,0.0,54.031666666666666,0.10301507537688412,0.08473557692307693
ep_309_whisperx_diarized.gender.host_guest,Karishma Mehta,FEMALE->MALE,female,male,4.680483333333328,31.695299999999992,36.37578333333332,0.0,45.1105,0.12867031042172278,0.10419397116644823
ep_310_whisperx_diarized.gender.host_guest,Karishma Mehta,FEMALE->FEMALE,female,female,12.02443333333337,32.38360000000004,44.40803333333341,0.0,51.62103333333334,0.27077157961660125,0.23669836131903702
ep_311_whisperx_diarized.gender.host_guest,Karishma Mehta,FEMALE->FEMALE,female,female,4.473283333333332,22.81873333333338,27.29201666666671,0.0,33.96483333333334,0.16390446290459754,0.15305357811914574
ep_312_whisperx_diarized.gender.host_guest,Karishma Mehta,FEMALE->MALE,female,male,6.222749999999995,21.965283333333275,28.18803333333327,0.0,33.97926666666667,0.22075857249116385,0.1877452460006037
ep_313_whisperx_diarized.gender.host_guest,Karishma Mehta,FEMALE->FEMALE,female,female,4.421899999999993,19.097749999999998,23.51964999999999,0.0,28.76565,0.18800875013021004,0.17110492845786962
ep_314_whisperx_diarized.gender.host_guest,Karishma Mehta,FEMALE->MALE,female,male,4.136799999999989,36.052416666666694,40.18921666666668,0.0,51.04868333333333,0.10293308362566546,0.09398609851919008
ep_315_whisperx_diarized.gender.host_guest,Karishma Mehta,FEMALE->MALE,female,male,6.442716666666702,26.579150000000034,33.02186666666674,0.0,42.81203333333334,0.19510455698042575,0.19006824451865834
ep_316_whisperx_diarized.gender.host_guest,Karishma Mehta,FEMALE->FEMALE,female,female,9.784283333333288,30.92423333333337,40.708516666666654,0.0,48.52615,0.2403497875751624,0.21861702127659574
ep_317_whisperx_diarized.gender.host_guest,Karishma Mehta,FEMALE->MALE,female,male,6.563683333333331,28.458483333333355,35.022166666666685,0.0,42.82801666666667,0.18741511328539529,0.16515151515151516
ep_318_whisperx_diarized.gender.host_guest,Karishma Mehta,FEMALE->MALE,female,male,5.563600000000028,29.40231666666665,34.96591666666668,0.0,44.29278333333333,0.15911494765140413,0.16182067285736032
ep_319_whisperx_diarized.gender.host_guest,Karishma Mehta,FEMALE->MALE,female,male,3.8165666666666427,18.20715000000002,22.02371666666666,0.0,28.0308,0.17329348739956746,0.1335083821450212
ep_320_whisperx_diarized.gender.host_guest,Karishma Mehta,FEMALE->MALE,female,male,4.9197833333333465,25.150966666666683,30.07075000000003,0.0,37.65305,0.16360693808213436,0.13263935527199464
ep_321_whisperx_diarized.gender.host_guest,Faye Dsouza,FEMALE->MALE,female,male,5.943333333333341,45.50571666666669,51.449050000000035,0.0,59.30993333333333,0.115518815864109,0.12314570209307052
ep_322_whisperx_diarized.gender.host_guest,,FEMALE->MALE,female,male,14.6306833333334,58.76491666666667,73.39560000000007,0.0,84.02669999999999,0.19934006034875912,0.2121696748153225
ep_323_whisperx_diarized.gender.host_guest,,FEMALE->FEMALE,female,female,5.661250000000027,51.233683333333396,56.89493333333343,0.0,65.08511666666666,0.09950358790003594,0.08512681014481159
ep_324_whisperx_diarized.gender.host_guest,,FEMALE->MALE,female,male,6.340233333333331,55.18575000000009,61.52598333333342,0.0,76.88033333333333,0.10304968713760211,0.10758039816232771
ep_325_whisperx_diarized.gender.host_guest,Faye Dsouza,FEMALE->FEMALE,female,female,7.518416666666681,37.38586666666665,44.90428333333333,0.0,52.37538333333334,0.16743206011898676,0.16592415516679343
ep_326_whisperx_diarized.gender.host_guest,,FEMALE->MALE,female,male,6.057516666666672,15.610916666666661,21.668433333333333,0.0,27.4264,0.27955489783140786,0.26463104325699743
ep_327_whisperx_diarized.gender.host_guest,,FEMALE->FEMALE,female,female,6.297933333333348,25.50841666666669,31.806350000000037,0.0,38.85156666666667,0.1980086785605183,0.20689097379488838
ep_328_whisperx_diarized.gender.host_guest,Faye Dsouza,FEMALE->MALE,female,male,4.692866666666668,28.455433333333357,33.14830000000003,0.0,40.03168333333333,0.14157186542497396,0.16791934005499543
ep_329_whisperx_diarized.gender.host_guest,,FEMALE->FEMALE,female,female,7.604433333333388,63.69583333333325,71.30026666666663,0.0,90.0813,0.10665364505415677,0.11240363436123348
ep_330_whisperx_diarized.gender.host_guest,,FEMALE->FEMALE,female,female,19.817033333333363,36.280100000000026,56.09713333333339,0.0,69.67348333333332,0.3532628524095707,0.35896017699115046
ep_331_whisperx_diarized.gender.host_guest,Karishma Mehta,FEMALE->MALE,female,male,2.7706166666666774,15.82176666666666,18.592383333333338,0.0,23.3352,0.14901890828054196,0.13836948391922213
ep_332_whisperx_diarized.gender.host_guest,Karishma Mehta,FEMALE->MALE,female,male,6.530916666666683,29.692299999999992,36.22321666666667,0.0,42.490883333333336,0.18029643051210753,0.15669777836203497
ep_333_whisperx_diarized.gender.host_guest,Karishma Mehta,FEMALE->MALE,female,male,7.923633333333327,30.446650000000023,38.37028333333335,0.0,47.1984,0.206504425951159,0.20317907960517884
ep_334_whisperx_diarized.gender.host_guest,Karishma Mehta,FEMALE->MALE,female,male,7.726816666666653,34.94128333333331,42.66809999999996,0.0,52.960116666666664,0.1810911820931014,0.18092064667407134
ep_335_whisperx_diarized.gender.host_guest,Karishma Mehta,FEMALE->FEMALE,female,female,10.184016666666647,27.326849999999975,37.51086666666662,0.0,44.431666666666665,0.27149510452970943,0.26072248399178444
ep_336_whisperx_diarized.gender.host_guest,Karishma Mehta,FEMALE->FEMALE,female,female,15.822649999999985,41.12318333333337,56.945833333333354,0.0,68.82231666666667,0.27785439379527294,0.2707296137339056
ep_337_whisperx_diarized.gender.host_guest,Karishma Mehta,FEMALE->MALE,female,male,9.392616666666694,39.096866666666656,48.489483333333354,0.0,61.36598333333333,0.19370420183895593,0.1584291876347951
ep_338_whisperx_diarized.gender.host_guest,Karishma Mehta,FEMALE->MALE,female,male,8.589266666666743,41.98905000000006,50.57831666666681,0.0,63.65023333333333,0.16982112558774468,0.16147393648891553
ep_339_whisperx_diarized.gender.host_guest,Karishma Mehta,FEMALE->FEMALE,female,female,19.049349999999905,22.789349999999978,41.83869999999988,0.0,50.204966666666664,0.45530453862094084,0.44464817785927113
ep_340_whisperx_diarized.gender.host_guest,Karishma Mehta,FEMALE->MALE,female,male,7.185816666666676,26.608950000000032,33.79476666666671,0.0,45.2021,0.21263104839703978,0.21631587033338454
ep_341_whisperx_diarized.gender.host_guest,Karishma Mehta,FEMALE->FEMALE,female,female,11.188383333333324,53.88898333333334,65.07736666666666,0.0,75.82811666666666,0.17192434031084014,0.1653655074520937
ep_342_whisperx_diarized.gender.host_guest,Karishma Mehta,FEMALE->MALE,female,male,5.543133333333367,52.44610000000009,57.98923333333345,0.0,70.07478333333333,0.095589008764271,0.10032682975141131
ep_343_whisperx_diarized.gender.host_guest,Karishma Mehta,FEMALE->FEMALE,female,female,9.006099999999991,42.13339999999994,51.13949999999993,0.0,60.74605,0.17610848756831812,0.19625086785466328
ep_344_whisperx_diarized.gender.host_guest,Karishma Mehta,FEMALE->FEMALE,female,female,10.061766666666687,35.20726666666656,45.26903333333325,0.0,58.48968333333333,0.2222659934568967,0.2052157291097761
ep_345_whisperx_diarized.gender.host_guest,Karishma Mehta,FEMALE->MALE,female,male,12.016716666666658,44.53991666666668,56.55663333333334,0.0,66.83556666666667,0.21247227705090868,0.19801116538729938
ep_346_whisperx_diarized.gender.host_guest,Karishma Mehta,FEMALE->FEMALE,female,female,7.898633333333314,23.139083333333353,31.037716666666668,0.0,38.53141666666667,0.2544850002389559,0.26881143878462915
ep_347_whisperx_diarized.gender.host_guest,Karishma Mehta,FEMALE->FEMALE,female,female,19.12601666666668,47.80429999999997,66.93031666666664,0.0,78.94274999999999,0.2857601400859952,0.28532629196529613
ep_348_whisperx_diarized.gender.host_guest,Karishma Mehta,FEMALE->MALE,female,male,7.415183333333276,46.24543333333333,53.660616666666606,0.0,66.61184999999999,0.13818669620208648,0.12904957938070521
ep_349_whisperx_diarized.gender.host_guest,Karishma Mehta,FEMALE->FEMALE,female,female,11.925516666666677,46.614149999999995,58.539666666666676,0.0,71.08313333333334,0.20371685296010128,0.19930268385632044
ep_350_whisperx_diarized.gender.host_guest,Karishma Mehta,FEMALE->FEMALE,female,female,13.255566666666619,40.83296666666663,54.088533333333245,0.0,65.56891666666667,0.245071660290289,0.24800716524854455
ep_351_whisperx_diarized.gender.host_guest,Karishma Mehta,FEMALE->FEMALE,female,female,6.554766666666727,66.74069999999999,73.29546666666671,0.0,88.19128333333333,0.08942935988765184,0.07454878367774
ep_352_whisperx_diarized.gender.host_guest,Karishma Mehta,FEMALE->FEMALE,female,female,17.861683333333357,37.98658333333335,55.8482666666667,0.0,67.35583333333334,0.3198252049601064,0.345
ep_353_whisperx_diarized.gender.host_guest,Karishma Mehta,FEMALE->FEMALE,female,female,5.871066666666703,31.392483333333338,37.26355000000004,0.0,48.09195,0.1575552159326392,0.14713896457765668
ep_354_whisperx_diarized.gender.host_guest,Karishma Mehta,FEMALE->FEMALE,female,female,11.823866666666664,30.1212833333333,41.94514999999996,0.0,49.102999999999994,0.28188876822866704,0.2583668005354752
ep_355_whisperx_diarized.gender.host_guest,Karishma Mehta,FEMALE->FEMALE,female,female,9.72591666666665,40.94111666666678,50.66703333333343,0.0,60.33695,0.19195749241288318,0.1952343596783683
ep_356_whisperx_diarized.gender.host_guest,Karishma Mehta,FEMALE->FEMALE,female,female,12.979366666666692,34.166316666666766,47.14568333333346,0.0,55.666000000000004,0.27530339469042925,0.24049555513523738
ep_357_whisperx_diarized.gender.host_guest,Karishma Mehta,FEMALE->FEMALE,female,female,9.488633333333336,29.6260333333333,39.114666666666636,0.0,52.11123333333333,0.24258504908644696,0.2599885024432308
ep_358_whisperx_diarized.gender.host_guest,Karishma Mehta,FEMALE->FEMALE,female,female,6.150216666666622,35.5233,41.67351666666662,0.0,48.79801666666666,0.1475809376938422,0.13653946680606377
ep_359_whisperx_diarized.gender.host_guest,Karishma Mehta,FEMALE->FEMALE,female,female,8.53316666666665,41.17058333333334,49.70374999999999,0.0,59.247600000000006,0.1716805405360089,0.16979513032285745
ep_360_whisperx_diarized.gender.host_guest,Karishma Mehta,FEMALE->FEMALE,female,female,7.817983333333342,41.281466666666574,49.09944999999992,0.0,59.79656666666666,0.15922751341070734,0.14203588066210723
ep_361_whisperx_diarized.gender.host_guest,Pooja Dhingra,FEMALE->MALE,female,male,5.871149999999988,20.912133333333337,26.783283333333323,0.0,34.34458333333334,0.21920949447945418,0.24253308128544424
ep_362_whisperx_diarized.gender.host_guest,Pooja Dhingra,FEMALE->MALE,female,male,6.516383333333349,27.670016666666616,34.18639999999996,0.0,42.44586666666667,0.1906133238168791,0.2262719428741446
ep_363_whisperx_diarized.gender.host_guest,Pooja Dhingra,FEMALE->FEMALE,female,female,6.201749999999974,31.004899999999974,37.20664999999995,0.0,43.62221666666667,0.16668391268765081,0.20387833709655998
ep_364_whisperx_diarized.gender.host_guest,Pooja Dhingra,FEMALE->FEMALE,female,female,7.894949999999985,23.71101666666668,31.605966666666664,0.0,37.660783333333335,0.24979302431291936,0.2641268942076193
ep_365_whisperx_diarized.gender.host_guest,Pooja Dhingra,FEMALE->FEMALE,female,female,6.351900000000004,22.871800000000007,29.22370000000001,0.0,34.60426666666667,0.217354407552774,0.21697131817506315
ep_366_whisperx_diarized.gender.host_guest,Pooja Dhingra,FEMALE->MALE,female,male,8.542216666666672,22.163749999999993,30.705966666666665,0.0,38.29286666666667,0.2781940317788401,0.2924870058276894
ep_367_whisperx_diarized.gender.host_guest,Pooja Dhingra,FEMALE->FEMALE,female,female,8.324299999999996,20.15830000000001,28.482600000000005,0.0,33.777633333333334,0.2922591336465068,0.29905528883382376
ep_368_whisperx_diarized.gender.host_guest,Pooja Dhingra,FEMALE->MALE,female,male,7.865133333333351,21.771216666666685,29.636350000000036,0.0,34.51641666666667,0.26538805667139653,0.2820280669986419
ep_369_whisperx_diarized.gender.host_guest,,FEMALE->MALE,female,male,33.07696666666668,11.5187,44.59566666666668,0.0,52.97501666666667,0.7417080882297982,0.7435790787147759
ep_370_whisperx_diarized.gender.host_guest,,FEMALE->FEMALE,female,female,5.73283333333335,30.998250000000024,36.73108333333337,0.0,44.51186666666667,0.1560758031912121,0.19347980155917788
ep_371_whisperx_diarized.gender.host_guest,Pooja Dhingra,FEMALE->FEMALE,female,female,6.29536666666666,25.492933333333372,31.78830000000003,0.0,40.31278333333333,0.19804036915049417,0.2087817477399914
ep_372_whisperx_diarized.gender.host_guest,Prakhar Gupta,MALE->MALE,male,male,6.5974499999999905,21.15723333333332,27.75468333333331,0.0,35.33286666666667,0.23770582862591944,0.3334857142857143
ep_373_whisperx_diarized.gender.host_guest,Prakhar Gupta,MALE->FEMALE,male,female,24.832166666666534,61.333416666666594,86.16558333333313,0.0,106.75668333333333,0.2881912441839202,0.294880174291939
ep_374_whisperx_diarized.gender.host_guest,Prakhar Gupta,MALE->FEMALE,male,female,37.507066666666745,48.98670000000002,86.49376666666677,0.0,113.60843333333334,0.4336389558708088,0.43631669535283996
ep_375_whisperx_diarized.gender.host_guest,Prakhar Gupta,MALE->MALE,male,male,18.18203333333341,68.17816666666658,86.36019999999999,0.0,115.8117,0.2105371841812943,0.2652476169999283
ep_376_whisperx_diarized.gender.host_guest,Prakhar Gupta,MALE->MALE,male,male,9.863250000000058,70.5113833333335,80.37463333333355,0.0,98.94288333333334,0.12271595640249719,0.13693960726194887
ep_377_whisperx_diarized.gender.host_guest,Prakhar Gupta,MALE->MALE,male,male,14.00718333333317,93.28468333333352,107.29186666666669,0.0,128.69848333333331,0.13055214499017478,0.1484029988702886
ep_378_whisperx_diarized.gender.host_guest,Prakhar Gupta,MALE->MALE,male,male,17.585200000000032,43.78026666666661,61.36546666666665,0.0,75.695,0.28656508220693133,0.30227445034116757
ep_379_whisperx_diarized.gender.host_guest,Prakhar Gupta,MALE->FEMALE,male,female,20.125499999999978,51.656200000000226,71.7817000000002,0.0,91.80096666666667,0.2803709023330448,0.3188964914834765
ep_380_whisperx_diarized.gender.host_guest,Prakhar Gupta,MALE->MALE,male,male,10.89573333333339,68.84045000000015,79.73618333333354,0.0,95.03443333333333,0.13664728957221672,0.14829730111629222
ep_381_whisperx_diarized.gender.host_guest,Samdish Bhatia,MALE->MALE,male,male,18.995566666666814,61.08264999999995,80.07821666666676,0.0,96.52796666666667,0.23721265854030787,0.241030108346491
ep_382_whisperx_diarized.gender.host_guest,Prakhar Gupta,MALE->MALE,male,male,21.559900000000024,45.8494999999999,67.40939999999992,0.0,85.31286666666666,0.31983521586010333,0.31656027037176115
ep_383_whisperx_diarized.gender.host_guest,Prakhar Gupta,MALE->FEMALE,male,female,24.254583333333176,54.84066666666675,79.09524999999992,0.0,104.01389999999999,0.30665031507370166,0.3268345691638967
ep_384_whisperx_diarized.gender.host_guest,Prakhar Gupta,MALE->MALE,male,male,16.84566666666659,41.24411666666671,58.0897833333333,0.0,75.98256666666666,0.2899936219421247,0.2964776381175095
ep_385_whisperx_diarized.gender.host_guest,Prakhar Gupta,MALE->MALE,male,male,18.91471666666673,36.583133333333514,55.49785000000024,0.0,72.71138333333333,0.3408189086003629,0.36098930012278546
ep_386_whisperx_diarized.gender.host_guest,Prakhar Gupta,MALE->MALE,male,male,26.129216666666576,50.33814999999978,76.46736666666635,0.0,93.16211666666666,0.3417041517928565,0.3263620699898996
ep_387_whisperx_diarized.gender.host_guest,,MALE->MALE,male,male,3.981766666666666,4.897383333333324,8.87914999999999,0.0,12.514583333333333,0.4484400721540542,0.46178861788617886
ep_388_whisperx_diarized.gender.host_guest,Prakhar Gupta,MALE->MALE,male,male,19.78338333333329,44.67453333333322,64.4579166666665,0.0,84.98585,0.3069193724587749,0.3075237951352168
ep_389_whisperx_diarized.gender.host_guest,Prakhar Gupta,MALE->FEMALE,male,female,35.65541666666651,62.94259999999975,98.59801666666627,0.0,129.3435,0.36162407594067547,0.3626923076923077
ep_390_whisperx_diarized.gender.host_guest,Prakhar Gupta,MALE->MALE,male,male,14.577649999999972,79.46869999999949,94.04634999999946,0.0,113.30011666666665,0.15500495234530692,0.15547111774551048
ep_391_whisperx_diarized.gender.host_guest,Prakhar Gupta,MALE->MALE,male,male,15.17139999999997,58.39484999999992,73.56624999999988,0.0,90.29753333333333,0.20622771991232386,0.22538560847998912
ep_392_whisperx_diarized.gender.host_guest,Prakhar Gupta,MALE->MALE,male,male,66.64669999999997,73.6357833333333,140.28248333333326,0.0,176.48808333333332,0.47508925146154507,0.4812956204379562
ep_393_whisperx_diarized.gender.host_guest,Prakhar Gupta,MALE->MALE,male,male,21.89226666666703,75.13394999999991,97.02621666666694,0.0,124.87508333333334,0.2256324879890741,0.20611322549952427
ep_394_whisperx_diarized.gender.host_guest,Prakhar Gupta,MALE->MALE,male,male,15.435366666666635,57.06139999999995,72.49676666666659,0.0,91.20038333333333,0.2129111045412138,0.2541693917593198
ep_395_whisperx_diarized.gender.host_guest,Prakhar Gupta,MALE->MALE,male,male,24.76465000000025,159.32343333333228,184.08808333333252,0.0,242.13976666666667,0.13452608963915566,0.17392356908179146
ep_396_whisperx_diarized.gender.host_guest,Prakhar Gupta,MALE->MALE,male,male,11.212000000000097,85.22851666666674,96.44051666666684,0.0,111.20298333333334,0.11625819092978118,0.12069377418892446
ep_397_whisperx_diarized.gender.host_guest,Samdish Bhatia,MALE->MALE,male,male,7.948100000000005,28.332066666666694,36.2801666666667,0.0,47.37863333333333,0.21907561982901577,0.2126232741617357
ep_398_whisperx_diarized.gender.host_guest,Samdish Bhatia,MALE->MALE,male,male,8.37789999999996,40.339583333333415,48.71748333333338,0.0,61.82441666666667,0.17196906380974014,0.17212594138462933
ep_399_whisperx_diarized.gender.host_guest,Samdish Bhatia,MALE->MALE,male,male,6.347233333333359,41.4493999999999,47.796633333333254,0.0,62.73676666666667,0.1327966614106022,0.1461935092508341
ep_400_whisperx_diarized.gender.host_guest,Samdish Bhatia,MALE->MALE,male,male,7.360800000000091,59.262116666666735,66.62291666666682,0.0,84.6974,0.11048450545670706,0.1191670466636267
ep_401_whisperx_diarized.gender.host_guest,Samdish Bhatia,MALE->MALE,male,male,7.095950000000043,26.36316666666669,33.45911666666673,0.0,43.275483333333334,0.21207822282616634,0.21181806055755636
ep_402_whisperx_diarized.gender.host_guest,Samdish Bhatia,MALE->MALE,male,male,13.071416666666657,47.96553333333341,61.03695000000007,0.0,80.363,0.21415579688478278,0.21688106522229744
ep_403_whisperx_diarized.gender.host_guest,Samdish Bhatia,MALE->MALE,male,male,3.1382833333333453,15.417100000000003,18.55538333333335,0.0,25.757183333333334,0.1691306116913066,0.17682136375421312
ep_404_whisperx_diarized.gender.host_guest,Samdish Bhatia,MALE->FEMALE,male,female,10.201733333333328,37.96100000000017,48.1627333333335,0.0,60.46541666666667,0.2118179892890899,0.21360381861575178
ep_405_whisperx_diarized.gender.host_guest,Samdish Bhatia,MALE->FEMALE,male,female,11.050450000000014,33.27685000000003,44.327300000000044,0.0,60.163916666666665,0.24929219690800034,0.28999610743479953
ep_406_whisperx_diarized.gender.host_guest,Samdish Bhatia,MALE->FEMALE,male,female,8.906500000000028,36.91136666666676,45.81786666666679,0.0,64.06183333333334,0.19438923389420149,0.21537153183799299
ep_407_whisperx_diarized.gender.host_guest,Samdish Bhatia,MALE->MALE,male,male,12.396883333333342,29.983283333333326,42.38016666666667,0.0,58.65028333333333,0.29251615338936077,0.30792754645965653
ep_408_whisperx_diarized.gender.host_guest,Samdish Bhatia,MALE->MALE,male,male,9.194433333333311,22.491583333333356,31.686016666666667,0.0,43.82213333333333,0.29017321520902156,0.3035456441520937
ep_409_whisperx_diarized.gender.host_guest,Samdish Bhatia,MALE->MALE,male,male,9.46959999999998,27.44816666666663,36.91776666666661,0.0,46.03046666666667,0.2565052237721132,0.2720085756398231
ep_410_whisperx_diarized.gender.host_guest,Samdish Bhatia,MALE->MALE,male,male,10.906783333333339,27.555200000000024,38.461983333333364,0.0,51.08441666666667,0.28357308667129744,0.30163410738419955
ep_411_whisperx_diarized.gender.host_guest,Samdish Bhatia,MALE->MALE,male,male,16.60168333333336,33.831,50.43268333333336,0.0,68.73608333333333,0.3291850093243109,0.3216211358734723
ep_412_whisperx_diarized.gender.host_guest,Samdish Bhatia,MALE->MALE,male,male,28.09343333333328,46.62614999999998,74.71958333333326,0.0,97.43403333333335,0.3759848767893286,0.3920743987679185
ep_413_whisperx_diarized.gender.host_guest,Samdish Bhatia,MALE->FEMALE,male,female,19.858699999999885,55.93511666666651,75.7938166666664,0.0,96.28391666666667,0.2620094998954394,0.28413458296810734
ep_414_whisperx_diarized.gender.host_guest,Samdish Bhatia,MALE->MALE,male,male,10.184116666666622,35.55179999999991,45.735916666666526,0.0,59.86163333333333,0.22267218870654143,0.21052126331957377
ep_415_whisperx_diarized.gender.host_guest,Samdish Bhatia,MALE->MALE,male,male,12.469250000000024,66.55493333333305,79.02418333333307,0.0,103.1773,0.15779030511967831,0.16641310708016385
ep_416_whisperx_diarized.gender.host_guest,Samdish Bhatia,MALE->MALE,male,male,14.514850000000013,40.1342166666668,54.64906666666681,0.0,75.56828333333333,0.2656010593654538,0.32707268281840407
ep_417_whisperx_diarized.gender.host_guest,Samdish Bhatia,MALE->MALE,male,male,16.576300000000046,22.14486666666679,38.72116666666683,0.0,50.23928333333333,0.4280940226491103,0.4269809309487149
ep_418_whisperx_diarized.gender.host_guest,Samdish Bhatia,MALE->MALE,male,male,7.443199999999978,29.33888333333325,36.782083333333226,0.0,47.53208333333334,0.20235939146096943,0.21962616822429906
